Nodo,Venezuela Settembre,Venezuela Ottobre,Venezuela Novembre,Venezuela Dicembre,Venezuela Dicembre Predetto,Venezuelaerrore
gianlucacaruso,,1.0,0.9055789213477256,1.0,0.7167367640431767,14.163161797841168
MonicaMercati,,1.0,1.0,1.0,1.0,0
angheran70,,1.0,1.0,1.0,1.0,0
ilGrandeMao,1.0,1.0,1.0,1.0,1.0,0
GToccafondi,,1.0,1.0,1.0,1.0,0
garciacg17,1.0,1.0,1.0,1.0,1.0,0
AnPetrosino,,1.0,1.0,1.0,1.0,0
PadreJesusLarez,,1.0,1.0,1.0,1.0,0
elin_lopez,,1.0,1.0,1.0,1.0,0
Titty_Gaudio,,1.0,0.5,0.3333333333333333,-0.5,41.666666666666664
nicola_atlante,,1.0,0.9925767176976233,1.0,0.97773015309287,1.1134923453564982
ValentinaFanti9,,0.8259092881561844,0.6754001957783173,0.8978406201267721,0.3743820110225833,26.172930455209443
LauriKattelus,,1.0,1.0,1.0,1.0,0
ColdeBelloMonte,,1.0,1.0,1.0,1.0,0
pacollave,1.0,1.0,1.0,1.0,1.0,0
Adri_uk,,1.0,1.0,1.0,1.0,0
StefanoDavagni,1.0,1.0,1.0,1.0,1.0,0
Pachusma,,1.0,1.0,1.0,1.0,0
HermannLacHey,,1.0,1.0,1.0,1.0,0
ComitatoDNF,1.0,1.0,1.0,1.0,1.0,0
JoseLuisLleren2,,1.0,1.0,1.0,1.0,0
ZzuCicciu,,1.0,1.0,1.0,1.0,0
Barbalbero_,,1.0,1.0,1.0,1.0,0
ilgiornale,1.0,1.0,1.0,1.0,1.0,0
feles87,,1.0,1.0,1.0,1.0,0
moushes,1.0,1.0,1.0,1.0,1.0,0
VEnriqueSD,1.0,1.0,1.0,1.0,1.0,0
FABIODITODARO,,1.0,1.0,1.0,1.0,0
jfgras_zafra,,1.0,1.0,1.0,1.0,0
podemosmurcia,1.0,1.0,1.0,1.0,1.0,0
raultorg,1.0,1.0,1.0,1.0,1.0,0
migueltomas_,,1.0,1.0,1.0,1.0,0
frarorarf,,1.0,1.0,1.0,1.0,0
fam_cristiana,1.0,1.0,1.0,1.0,1.0,0
HolaNotasPrensa,,1.0,1.0,1.0,1.0,0
FabianMirandaM,,1.0,1.0,1.0,1.0,0
battagliero84,1.0,1.0,1.0,1.0,1.0,0
alessiobae,,1.0,1.0,1.0,1.0,0
pettesimo14,,0.9892709561045511,0.8575926050482836,1.0,0.5942359029357487,20.288204853212566
giannimunizza,1.0,1.0,0.8034202134475439,0.6387150353394322,0.6540195756676771,0.7652270164122454
ArchAtlas,1.0,1.0,1.0,1.0,1.0,0
beria_giancarla,,1.0,1.0,1.0,1.0,0
alfaxirius,,1.0,1.0,1.0,1.0,0
3d4c0m,,1.0,1.0,1.0,1.0,0
hardcorejudas,,0.9678128683136531,0.8774851122089848,1.0,0.6968295999996483,15.158520000017583
ljaakonsaari,,1.0,1.0,1.0,1.0,0
dPiovan,,0.9278250439188076,0.7167367640176234,1.0,0.2945602042152551,35.271989789237246
PellegriniLuisa,,1.0,1.0,1.0,1.0,0
FloresRojasMX,,1.0,1.0,1.0,1.0,0
mov_ideaToscana,1.0,1.0,1.0,1.0,1.0,0
SergioZ01,,0.939451766080312,0.8339139748416072,1.0,0.6228383923641977,18.858080381790117
AdeleOri,1.0,1.0,1.0,1.0,1.0,0
PaolaPagliaro,0.5905689872626149,0.9477864501447724,0.8789965632780902,1.0,1.0,0
PartSocialista,,1.0,1.0,1.0,1.0,0
PsiCaloveto,,1.0,1.0,1.0,1.0,0
CNT_Fuenlabrada,,1.0,1.0,1.0,1.0,0
CronacaParlamen,,1.0,0.9314402311199229,1.0,0.7943206933597687,10.283965332011563
pepo1913,,1.0,1.0,1.0,1.0,0
Visach80,,1.0,1.0,1.0,1.0,0
paulitacarva,,1.0,1.0,1.0,1.0,0
Christi64521865,,1.0,1.0,1.0,1.0,0
adamosy10,,1.0,1.0,1.0,1.0,0
maria_gimenez1,,1.0,1.0,1.0,1.0,0
L_e_o_t_o_n,1.0,1.0,1.0,1.0,1.0,0
enricovik,1.0,1.0,1.0,1.0,1.0,0
EnferTrabajoMur,,1.0,1.0,1.0,1.0,0
Antongiulio2,0.561165189877301,0.7495755935720932,0.7893690035267311,0.7527962768133095,1.0,12.360186159334525
carlogubi,,1.0,0.8737818751966151,0.6387150353394322,0.6213456255898453,0.8684704874793447
elemacaron,,1.0,1.0,1.0,1.0,0
Odiln3,1.0,1.0,1.0,1.0,1.0,0
josenorman,,1.0,1.0,1.0,1.0,0
iu_aragon,1.0,1.0,1.0,1.0,1.0,0
Angela_Ibanez,,1.0,1.0,1.0,1.0,0
podemossanidad,,1.0,1.0,1.0,1.0,0
Luzloizeaux,,1.0,1.0,1.0,1.0,0
Mic_a_e_la,,1.0,1.0,1.0,1.0,0
Sarti_Davide,,1.0,1.0,1.0,1.0,0
loacdi,,1.0,1.0,1.0,1.0,0
10261940,,1.0,1.0,1.0,1.0,0
AntennaGambero,,1.0,1.0,1.0,1.0,0
caterinacorda1,1.0,1.0,1.0,1.0,1.0,0
alessandro_fato,,0.9251320090837617,0.7475637503932303,1.0,0.39242723301216753,30.378638349391622
MennaFini,,0.9639125219624561,0.932672950522259,1.0,0.8701938076418646,6.49030961790677
bjornced,,-1.0,1.0,1.0,1.0,0
GustavPin,,1.0,1.0,1.0,1.0,0
MarianaLestelle,,1.0,1.0,1.0,1.0,0
gazzetti_betti,,1.0,1.0,1.0,1.0,0
barbara_levada,,0.9419697627187281,1.0,0.8978406201267721,1.0,5.107968993661394
OttoMorales12,1.0,1.0,1.0,1.0,1.0,0
assaloni,1.0,0.3333333333333333,0.5844090952853033,1.0,-0.05143999229786622,52.571999614893315
wisimedina,,1.0,1.0,1.0,1.0,0
FlorGuzmanG,1.0,1.0,1.0,1.0,1.0,0
malacru,,1.0,1.0,1.0,1.0,0
geriatriachile,1.0,1.0,1.0,1.0,1.0,0
graziamorisi,1.0,1.0,1.0,1.0,1.0,0
germenpatogeno,,1.0,1.0,1.0,1.0,0
gloriagrifo,,1.0,1.0,1.0,1.0,0
Frodo6Luca,1.0,1.0,1.0,1.0,1.0,0
marianski65,,0.8259092881561844,0.8957108569565446,0.7956812402535444,1.0,10.215937987322782
ragomgar,1.0,1.0,1.0,1.0,1.0,0
GiocondaGallina,,1.0,1.0,1.0,1.0,0
kermit290179,1.0,0.9446088866029937,0.7944835426465913,0.7721312289922457,0.6117033006274375,8.021396418240412
Antonello_Lazzo,,1.0,1.0,1.0,1.0,0
amicoCelebrity,,1.0,1.0,1.0,1.0,0
g_parmi,,1.0,1.0,1.0,1.0,0
MariellaMaffini,,1.0,1.0,1.0,1.0,0
moguillaumet,1.0,1.0,1.0,1.0,1.0,0
sergiofenizia,,1.0,1.0,1.0,1.0,0
MarcoUdc,1.0,1.0,1.0,1.0,1.0,0
AQueMeVoyAIkea,,1.0,1.0,1.0,1.0,0
EArcolao,1.0,1.0,1.0,1.0,1.0,0
corrini,,1.0,1.0,1.0,1.0,0
davmadrid_,1.0,1.0,1.0,1.0,1.0,0
CristinaMongioy,,1.0,0.9974548746392066,1.0,0.9923646239176197,0.3817688041190148
MariaFidei,,1.0,1.0,1.0,1.0,0
WTR_282,,1.0,1.0,1.0,1.0,0
haroldfdl,1.0,1.0,1.0,1.0,1.0,0
donMimmo,,1.0,1.0,1.0,1.0,0
jcguillend,1.0,1.0,1.0,1.0,1.0,0
MANUEL_ONATE,,1.0,1.0,1.0,1.0,0
MedesMontgri,,1.0,1.0,1.0,1.0,0
ScarparoSara,1.0,1.0,1.0,1.0,1.0,0
joseacuencat,1.0,1.0,1.0,1.0,1.0,0
aulihapponen,1.0,1.0,1.0,1.0,1.0,0
petronillarusso,,0.9129546440780922,0.9652369523188482,0.9318937467511814,1.0,3.405312662440929
seloig,1.0,1.0,1.0,1.0,1.0,0
AlexSv85,1.0,1.0,1.0,1.0,1.0,0
STEFANIALOVE69,,0.9678128683136531,0.7549702244179696,1.0,0.3292849366266025,33.53575316866987
PenelopeCHG,1.0,1.0,1.0,1.0,1.0,0
justoutofmood,1.0,0.9251320090903875,0.9488132218343999,0.6666666666666666,0.8739746347919297,10.365398406263154
Rappa1958,,1.0,1.0,1.0,1.0,0
giuseppegullon8,,1.0,1.0,1.0,1.0,0
fjconpe,1.0,1.0,1.0,1.0,1.0,0
globalistIT,,1.0,1.0,1.0,1.0,0
humanizacionSS,,1.0,1.0,1.0,1.0,0
_MicroMega_,1.0,1.0,1.0,1.0,1.0,0
civati,,1.0,1.0,1.0,1.0,0
LAMONTEDOC,-1.0,-0.016093565843173452,-0.4150099251940101,-0.2911475084031017,0.5018576200538188,39.65025642284603
chastonytw,1.0,1.0,1.0,1.0,1.0,0
EulaliaGrillo,,1.0,0.9923646239176195,1.0,0.9770938717528584,1.1453064123570778
cronitaliana,,1.0,1.0,1.0,1.0,0
cuidadors,,1.0,1.0,1.0,1.0,0
MayraADiaz1,,1.0,1.0,1.0,1.0,0
Radio3scienza,,1.0,1.0,1.0,1.0,0
L_basili,,0.8259092881561844,0.8957108569565446,0.7956812402535444,1.0,10.215937987322782
odissea86,,1.0,1.0,1.0,1.0,0
paolacsc,1.0,0.9548612583880246,0.5025835912709521,0.0,0.10288052466312758,5.144026233156379
radio3santarosa,,1.0,1.0,1.0,1.0,0
Urobertu,1.0,1.0,1.0,1.0,1.0,0
ale_petraglia,,1.0,1.0,1.0,1.0,0
formichenews,1.0,1.0,1.0,1.0,1.0,0
mariomarazziti,,1.0,1.0,1.0,1.0,0
MireyaTimi,1.0,1.0,1.0,1.0,1.0,0
marialolamajari,,1.0,1.0,1.0,1.0,0
marcoprat,,1.0,1.0,1.0,1.0,0
DoninGianni,,1.0,1.0,1.0,1.0,0
va_varca,,1.0,0.0,0.0,-1.0,50.0
MaurizioAlba,,1.0,1.0,1.0,1.0,0
Elisabe250265,,0.9251320090837617,-0.12621812480338485,-1.0,-1.0,0
BeppeSammartino,0.7952844936313075,0.9361758481225456,0.8894539176292037,0.5869317436853196,1.0,20.65341281573402
eardila02,,1.0,1.0,1.0,1.0,0
Andrea_Mariotto,,1.0,1.0,1.0,1.0,0
laurabagnoli,,1.0,1.0,0.6976568405139835,1.0,15.117157974300827
Catacamile,,1.0,1.0,1.0,1.0,0
erchamion17,1.0,1.0,1.0,1.0,1.0,0
FilippinRosanna,,1.0,1.0,1.0,1.0,0
lupoalberto1960,,1.0,1.0,1.0,1.0,0
blusewillis,1.0,1.0,1.0,1.0,1.0,0
vrwestperrenzi,,1.0,1.0,1.0,1.0,0
LauraFabiolaTo,1.0,1.0,1.0,1.0,1.0,0
faustalissia,,1.0,1.0,1.0,1.0,0
GenaroLopezR,1.0,1.0,1.0,1.0,1.0,0
devivocarmen,,1.0,1.0,1.0,1.0,0
ANMagistrati,,1.0,1.0,1.0,1.0,0
phenobarbital,,1.0,1.0,1.0,1.0,0
chiara_201181,,1.0,1.0,0.0,1.0,50.0
FBergamini3,,0.9625660045418809,0.9158545834644101,1.0,0.8224317413094684,8.87841293452658
geraldinasplace,1.0,1.0,1.0,1.0,1.0,0
Tirso1920,1.0,1.0,1.0,1.0,1.0,0
GabriellaSaba1,1.0,1.0,1.0,1.0,1.0,0
angelicamgb77,,1.0,1.0,1.0,1.0,0
MxQuesito,,1.0,1.0,1.0,1.0,0
schnitzlerrr,1.0,1.0,1.0,1.0,1.0,0
Trovolavorobiz,1.0,1.0,1.0,1.0,1.0,0
doctorsimon2,1.0,1.0,1.0,1.0,1.0,0
verodlpuerta,,1.0,1.0,1.0,1.0,0
GaschinoG,0.7764221520011908,0.9523415067285986,0.7288154724693666,0.6906718477997315,0.7770756862943361,4.320191924730232
Guerradtw,,1.0,1.0,1.0,1.0,0
sarafornari1,,1.0,1.0,1.0,1.0,0
FurioGarbagnati,,1.0,0.99448556171828,1.0,0.9834566851548399,0.827165742258007
Soppressatira,,1.0,1.0,1.0,1.0,0
josemdominguezr,,1.0,1.0,1.0,1.0,0
ArderasDocu,1.0,1.0,1.0,1.0,1.0,0
IBBioetica,1.0,1.0,1.0,1.0,1.0,0
lLPorcoNero,1.0,1.0,1.0,1.0,1.0,0
steeler555,,1.0,1.0,1.0,1.0,0
crigiunchi,,1.0,0.5364377935608327,0.24541426681293466,-0.39068661931750204,31.805044306521836
achispd,1.0,1.0,1.0,1.0,1.0,0
elenamihaita,,1.0,1.0,1.0,1.0,0
000120o,,1.0,0.9900403150911752,1.0,0.9701209452735255,1.4939527363237226
ecampsol,1.0,1.0,1.0,1.0,1.0,0
gaetanomaisto,,1.0,1.0,1.0,1.0,0
juherya,1.0,1.0,1.0,1.0,1.0,0
SerenellaVerd,,1.0,1.0,1.0,1.0,0
EdizioniSpartac,,1.0,1.0,1.0,1.0,0
archcg_cencioni,,0.8259092881561844,0.8957108569565446,0.7956812402535444,1.0,10.215937987322782
idamontemagno,0.3417478718796837,0.36998404513101446,0.3310613879073487,0.11814208193281643,0.3364930232490128,10.917547065809819
Eduplaram,,1.0,1.0,1.0,1.0,0
FrenteAmplio_Ve,,1.0,1.0,1.0,1.0,0
MdSabini,,1.0,1.0,1.0,1.0,0
AngrySveva,1.0,1.0,1.0,1.0,1.0,0
restaurando11,,1.0,1.0,1.0,1.0,0
luisorel,,1.0,0.8629890284318582,0.876185203949235,0.5889670852955746,14.360905932683021
___xscd,,1.0,0.9974548746392066,1.0,0.9923646239176197,0.3817688041190148
KristiinaKunnas,,1.0,1.0,1.0,1.0,0
mariellarosati,,1.0,0.6,0.9045303500548505,-0.20000000000000007,55.226517502742524
sonsolesoz,1.0,1.0,1.0,1.0,1.0,0
juankicani,1.0,1.0,1.0,1.0,1.0,0
angelgarcia3030,1.0,1.0,1.0,1.0,1.0,0
claudialopedote,1.0,1.0,1.0,1.0,1.0,0
angelomassa6,,0.9251320090837617,0.7475637503932303,0.5664393758956797,0.39242723301216753,8.70060714417561
iloveLivorno,,1.0,1.0,1.0,1.0,0
leosanchezu,,1.0,1.0,1.0,1.0,0
luciadecosimo78,,1.0,1.0,1.0,1.0,0
LaityFamilyLife,,1.0,1.0,1.0,1.0,0
IlMattinoFoggia,,1.0,1.0,1.0,1.0,0
kanalibeach,-1.0,0.0,0.9047619047619048,1.0,1.0,0
Arqui_Cali,,1.0,1.0,1.0,1.0,0
SarkasmiSakari,1.0,1.0,1.0,1.0,1.0,0
LucioRomano02,1.0,1.0,1.0,1.0,1.0,0
ritamontanucci1,,1.0,1.0,1.0,1.0,0
Kamik_C,,1.0,1.0,1.0,1.0,0
scusateleterga,1.0,1.0,1.0,1.0,1.0,0
PillolaRazional,,1.0,1.0,1.0,1.0,0
RafaelLenL1,1.0,1.0,1.0,1.0,1.0,0
danielelussana,0.5905689872626149,0.8955729002895447,0.8460606243219494,0.9380926019746175,1.0,3.095369901269124
LuciGuenz,,0.9251320090837617,0.45661678503526204,0.3333333333333333,-0.4804136630617373,40.68734981975353
anahermilda,,1.0,1.0,1.0,1.0,0
Laakarilehti,,-1.0,1.0,1.0,1.0,0
NadiaTrentini1,,0.9839064341568265,0.9183234081393232,-0.16666666666666669,0.7871573561043166,47.69120113854917
pastorbprogre,1.0,1.0,1.0,1.0,1.0,0
FFarina1984,,1.0,1.0,1.0,1.0,0
ShareTheRoadFab,1.0,1.0,1.0,-1.0,1.0,100.0
Patriota1959,1.0,1.0,1.0,1.0,1.0,0
sebaquila,1.0,1.0,1.0,1.0,1.0,0
Lady_Marian_G,1.0,1.0,1.0,1.0,1.0,0
Mode_Valdese,1.0,1.0,1.0,1.0,1.0,0
bebookness,,1.0,1.0,1.0,1.0,0
nitaidler,1.0,1.0,1.0,1.0,1.0,0
IesuAnna,,1.0,0.8557962865059812,0.6763931302810786,0.5673888595179435,5.450213538156756
perquisidor,1.0,1.0,1.0,1.0,1.0,0
Alexylicious6,,1.0,1.0,1.0,1.0,0
noakeiko,1.0,1.0,1.0,1.0,1.0,0
mammapapaebimbi,1.0,1.0,1.0,1.0,1.0,0
Libellula51,,0.8259092881561844,0.9478554284782723,0.2652270800845148,1.0,36.73864599577426
EmiliaDeBiasi,1.0,1.0,0.9314402311198341,0.4081632653061225,0.8793348067709079,23.55857707323927
HSBnoticias,,1.0,1.0,1.0,1.0,0
BALLETTODANZA,,0.8259092881561844,0.8957108569565446,0.7956812402535444,1.0,10.215937987322782
rivellandrea,0.6834957437593674,0.9330068957476639,0.9526292733330042,1.0,1.0,0
abladalba,1.0,1.0,1.0,1.0,1.0,0
Tittidp75,,1.0,1.0,1.0,1.0,0
LuciaValchera,,1.0,1.0,1.0,1.0,0
riccardoena66,,1.0,0.9314402311199229,0.7040816326530612,0.7943206933597687,4.511953035335376
AnikinGil,,1.0,1.0,1.0,1.0,0
bianchi_ennio,,0.9678128683136531,0.25165674147265654,0.0,-1.0,50.0
GianPieroCroppo,1.0,1.0,0.9453411809140648,0.3058374975821983,0.9038004784087541,29.89814904132779
chiafloreslugo,,1.0,1.0,1.0,1.0,0
AllaTuaPresenza,,1.0,1.0,1.0,1.0,0
VSprint6,,1.0,1.0,1.0,1.0,0
Diego__MD,1.0,1.0,1.0,1.0,1.0,0
Juanmacofren,,1.0,1.0,1.0,1.0,0
fershoman123,,1.0,1.0,1.0,1.0,0
mariagildac,,1.0,1.0,1.0,1.0,0
Confronti_CNT,1.0,1.0,1.0,1.0,1.0,0
NextNewMedia,,1.0,1.0,1.0,1.0,0
Goernefrau,1.0,1.0,1.0,1.0,1.0,0
fabiopazzini,-0.10374465797837407,0.9464724387016252,0.8125244313012159,0.8480874859948305,1.0,7.5956257002584735
irisindia1,1.0,1.0,1.0,1.0,1.0,0
yeramirezh,,1.0,1.0,1.0,1.0,0
AbelNovoa,1.0,1.0,1.0,1.0,1.0,0
ivancatalanodep,0.5905689872626149,0.8955729002895447,0.7114819730841977,1.0,0.9497777205615269,2.511113971923656
alexarmuzzi,,1.0,1.0,1.0,1.0,0
ktirita1,,1.0,1.0,1.0,1.0,0
rominaroy23,,1.0,1.0,1.0,1.0,0
MandrakeMette,0.7952844936313075,0.9326493916648504,0.8142194802525007,0.8554797919652266,0.8945452211407081,1.9532714587740752
AgustinaWeyler,,1.0,1.0,1.0,1.0,0
PodemosAlhama,,1.0,1.0,1.0,1.0,0
nuevainsula,1.0,1.0,1.0,1.0,1.0,0
tersilvio,,1.0,1.0,1.0,1.0,0
Jusfincom,,1.0,1.0,1.0,1.0,0
Sfurmy,,-1.0,-1.0,-1.0,-1.0,0
PazAlso,,1.0,1.0,1.0,1.0,0
filotesa,1.0,1.0,1.0,0.5664393758956797,1.0,21.678031205216016
MariLlorca,1.0,1.0,1.0,1.0,1.0,0
serghievich,,0.8036050812582518,0.7580514713228853,0.7362428004388039,0.6669442514521523,3.4649274493325777
GerberArancio,,1.0,1.0,1.0,1.0,0
EthelByrond,,1.0,1.0,1.0,1.0,0
AnconaToday,,1.0,1.0,1.0,1.0,0
jesusmarana,,1.0,1.0,1.0,1.0,0
Ermiban,1.0,1.0,1.0,1.0,1.0,0
IsabelPrez10,,1.0,1.0,1.0,1.0,0
BettaCossu1,1.0,0.9697258830401561,0.8085316226931691,1.0,0.6484840797992526,17.57579601003737
barbaraabraham7,,1.0,1.0,1.0,1.0,0
fedeli_paolo,,1.0,0.9893104734845922,1.0,0.9679314204537767,1.6034289773111665
EnriqueIpia,1.0,1.0,1.0,1.0,1.0,0
tizpiac,,1.0,0.9923646239177053,1.0,0.9770938717531159,1.1453064123442047
Barbara_Goi,,1.0,-0.003817688041147349,-0.3333333333333333,-1.0,33.333333333333336
_Naranjo_81,,1.0,1.0,1.0,1.0,0
fatpaul0147258,1.0,1.0,1.0,1.0,1.0,0
DCuevaCasanova,1.0,1.0,1.0,1.0,1.0,0
maclabogado,1.0,1.0,1.0,1.0,1.0,0
SigBliss,1.0,1.0,1.0,1.0,1.0,0
anis_epis,1.0,1.0,0.6,0.5,0.2959999999999998,10.20000000000001
DannyPerezDiaz,1.0,1.0,1.0,1.0,1.0,0
Jonni_Thomasoo,,1.0,1.0,1.0,1.0,0
PierluigiDiC,,1.0,1.0,1.0,1.0,0
gagomalu,,1.0,1.0,1.0,1.0,0
ChiaraProDAmbra,,1.0,1.0,1.0,1.0,0
Arebilaaa,0.7764221520011908,0.9523415067285986,0.7832314708493369,0.9354046673980064,0.8728478434430836,3.1278411977461396
cosme_firenze,1.0,1.0,1.0,1.0,1.0,0
ADELGADO11,,1.0,1.0,1.0,1.0,0
ROVIHEGRAN,1.0,1.0,1.0,1.0,1.0,0
HealthItalia,1.0,1.0,1.0,1.0,1.0,0
MoebiusPeru,1.0,1.0,1.0,1.0,1.0,0
alepaganotwit,-1.0,-1.0,1.0,1.0,1.0,0
bafona54,,0.9614299492310946,0.9133787920890872,0.876185203949235,0.8172764778050725,2.945436307208127
EsterPerifano,,0.8259092881561844,0.8957108569565446,0.7956812402535444,1.0,10.215937987322782
vertvnoticias,,1.0,1.0,1.0,1.0,0
monysalas13,,1.0,1.0,1.0,1.0,0
Ines_Cidi,1.0,1.0,1.0,1.0,1.0,0
b_ory,,1.0,1.0,1.0,1.0,0
VadeRetro03,,1.0,1.0,1.0,1.0,0
ADTacitus,,1.0,1.0,1.0,1.0,0
ProVita_Tweet,1.0,1.0,1.0,1.0,1.0,0
SavioFicorella,1.0,1.0,1.0,1.0,1.0,0
LJes2014,1.0,1.0,1.0,1.0,1.0,0
luca_nuggia,1.0,1.0,1.0,1.0,1.0,0
ezia77,1.0,1.0,1.0,1.0,1.0,0
SalernoSal,,1.0,1.0,1.0,1.0,0
Matteo_DiMaio,,1.0,1.0,1.0,1.0,0
ADM_assdemxmi,1.0,1.0,0.9469720889136042,0.2874149659863946,0.9066708764879433,30.962795525077436
Simo_Lari,,1.0,1.0,1.0,1.0,0
Simone76623275,,1.0,1.0,1.0,1.0,0
conchamcs,1.0,1.0,1.0,1.0,1.0,0
savethedate47,0.7952844936313075,0.9330068957476639,0.8377000978875825,1.0,0.9360427101382027,3.1978644930898636
ALFREDOMARIOTT1,,1.0,1.0,1.0,1.0,0
claudioparavati,1.0,1.0,1.0,1.0,1.0,0
Sbonini51,1.0,1.0,1.0,1.0,1.0,0
Angel42746901,1.0,1.0,1.0,1.0,1.0,0
AcsAngelica,1.0,1.0,1.0,1.0,1.0,0
EsAhoraMurcia,1.0,1.0,1.0,1.0,1.0,0
AnaGato__,1.0,1.0,1.0,1.0,1.0,0
ArroyoLeon,,1.0,1.0,1.0,1.0,0
uolller,,0.9678128683136531,0.7549702244179696,1.0,0.3292849366266025,33.53575316866987
GIANNNPAN,,1.0,0.9907739205670303,1.0,0.9723217617010909,1.383911914945457
ModicaGio,,1.0,1.0,1.0,1.0,0
pmercado2006,,1.0,1.0,1.0,1.0,0
monperatothom,,1.0,1.0,1.0,1.0,0
iris_versari,,1.0,1.0,1.0,1.0,0
EdmondD09082129,1.0,1.0,1.0,1.0,1.0,0
Vitasostenibile,,1.0,1.0,1.0,1.0,0
valfromrome,,1.0,1.0,1.0,1.0,0
cony_magistrada,,1.0,1.0,1.0,1.0,0
giusiary,,1.0,1.0,1.0,1.0,0
mmgbol,1.0,1.0,1.0,1.0,1.0,0
La7tv,,1.0,1.0,1.0,1.0,0
Paul_Manoni,,0.8660137914953279,0.8377000978875825,1.0,0.781072710672092,10.946364466395398
QualeFuturo,1.0,1.0,1.0,1.0,1.0,0
ljvmxy,,0.6677583964361917,0.6821889678041634,0.7362428004388039,0.7110501105401067,1.2596344949348581
barbarapucci71,,1.0,1.0,1.0,1.0,0
davbilbao,1.0,1.0,1.0,1.0,1.0,0
CitizenGOes,,1.0,1.0,1.0,1.0,0
FGarciaSais,1.0,1.0,1.0,1.0,1.0,0
recordisco,1.0,1.0,1.0,1.0,1.0,0
IoleMarchesani,1.0,1.0,1.0,1.0,1.0,0
MagdaZanonii,1.0,1.0,1.0,1.0,1.0,0
simcopter,,1.0,1.0,0.6387150353394322,1.0,18.06424823302839
Fm2gomera,1.0,1.0,1.0,1.0,1.0,0
Lolamont,,1.0,1.0,1.0,1.0,0
AliciaAhora,,1.0,1.0,1.0,1.0,0
agilex2,,1.0,0.9183234081393232,1.0,0.7549702244179697,12.251488779101516
FreRuozzi,0.5905689872626149,0.8660137914953279,0.7114819730844952,1.0,0.9355893483408264,3.2205325829586795
PafSamu,,0.9419697627187281,0.9652369523188482,0.9318937467511814,1.0,3.405312662440929
larobbina,,1.0,1.0,1.0,1.0,0
Jraulic,1.0,1.0,1.0,1.0,1.0,0
Veronica_Maz,,0.9678128683136531,0.8074919858875301,0.876185203949235,0.4868502210352842,19.46674914569754
grandesse,,1.0,1.0,1.0,1.0,0
pa__rm,,1.0,0.8377000978875825,0.0,0.5131002936627478,25.655014683137388
tanatologiamex,,1.0,1.0,1.0,1.0,0
Natalia01488076,,1.0,1.0,1.0,1.0,0
lucabattanta,1.0,1.0,1.0,1.0,1.0,0
Radio3tweet,,1.0,1.0,1.0,1.0,0
Zibelinam,,1.0,1.0,1.0,1.0,0
jonascardona,,1.0,1.0,1.0,1.0,0
AnnaMariaRosas1,0.5905689872626149,0.8660137914953279,0.3377000978875825,0.6666666666666666,0.27773324799426,19.44667093362033
zerozerozecche,,1.0,1.0,1.0,1.0,0
webnauta5_9,1.0,1.0,0.7142857142857143,0.5,0.4971428571428572,0.14285714285713902
nadia_corcione,,1.0,1.0,1.0,1.0,0
nanita7m,,1.0,1.0,1.0,1.0,0
Luisgrod,,1.0,1.0,1.0,1.0,0
GianGiach,0.7764221520011908,0.8100499515823951,0.705502220136765,0.7134573241192677,0.6677444157187795,2.285645420024407
RodriguezPinero,1.0,1.0,1.0,1.0,1.0,0
IsabelMariaAlmo,,1.0,1.0,1.0,1.0,0
Lexie_The_Queen,,0.8259092881561844,0.8957108569565446,0.7956812402535444,1.0,10.215937987322782
tiziana_magnani,,1.0,1.0,1.0,1.0,0
MERITOCRACIA2,1.0,1.0,1.0,1.0,1.0,0
RosannaPace89,,1.0,1.0,1.0,1.0,0
geriatra_1,,1.0,1.0,1.0,1.0,0
txuslaguay,1.0,1.0,1.0,1.0,1.0,0
raffaghellogian,1.0,0.9129546440780922,0.9855411834280344,0.8978406201267721,0.9327707119908247,1.7465045932026302
maddyvalerio06,1.0,1.0,1.0,1.0,1.0,0
AnaM_GallardoP,1.0,1.0,1.0,1.0,1.0,0
MCarmenJordan,1.0,1.0,1.0,1.0,1.0,0
BorsottiAlessio,0.6929267966356258,0.9169133299044905,0.7547614650115806,1.0,0.9092693489463611,4.536532552681943
Jada_win,1.0,1.0,1.0,0.5,1.0,25.0
Mucci1963,,1.0,1.0,1.0,1.0,0
gironisrael,,1.0,1.0,1.0,1.0,0
violet6femme,,1.0,1.0,1.0,1.0,0
culturacomplu,,1.0,1.0,1.0,1.0,0
monikant5,1.0,0.9643149591346801,0.8341779916039317,1.0,0.6910244456075664,15.448777719621681
pacienteseguro,,1.0,1.0,1.0,1.0,0
emocionycambio,,1.0,1.0,1.0,1.0,0
HaapalaRiitta,,-1.0,1.0,1.0,1.0,0
KZeneise,,1.0,1.0,1.0,1.0,0
Carmenr39892097,,0.8259092881561844,0.8957108569565446,0.7956812402535444,1.0,10.215937987322782
MiikkaKeranen,1.0,1.0,1.0,1.0,1.0,0
capitanharlock2,1.0,1.0,1.0,1.0,1.0,0
pilardlsh,1.0,1.0,1.0,1.0,1.0,0
zolangegonzalez,,1.0,1.0,1.0,1.0,0
_tintalibre,,1.0,1.0,1.0,1.0,0
gothicprofile,,1.0,1.0,1.0,1.0,0
stefania_camosi,,1.0,1.0,1.0,1.0,0
parlattando,,1.0,1.0,1.0,1.0,0
FrancesJose,1.0,1.0,1.0,1.0,1.0,0
ValoresSociedad,1.0,1.0,1.0,1.0,1.0,0
1_Joe89,,1.0,1.0,1.0,1.0,0
matteocassa2,,1.0,1.0,1.0,1.0,0
gossiptvenews,,1.0,1.0,1.0,1.0,0
sheilly_ann,,1.0,1.0,1.0,1.0,0
davideormellese,,1.0,1.0,1.0,1.0,0
ecocom,,1.0,1.0,1.0,1.0,0
AgneluttoP,1.0,1.0,1.0,1.0,1.0,0
JuanyGar63,,1.0,1.0,1.0,1.0,0
RepFederalChile,1.0,1.0,1.0,1.0,1.0,0
ErnestNunezG,,1.0,1.0,1.0,1.0,0
GironArevalo,1.0,1.0,1.0,1.0,1.0,0
cuidadosSM,,1.0,1.0,1.0,1.0,0
PPolicy_News,1.0,1.0,1.0,-1.0,1.0,100.0
VincinoWeb,-1.0,-1.0,-1.0,-1.0,-1.0,0
lali_amiga,1.0,1.0,1.0,1.0,1.0,0
pajarrraca,1.0,1.0,1.0,1.0,1.0,0
luisaadani,,1.0,1.0,1.0,1.0,0
BUENOTE184,,1.0,1.0,1.0,1.0,0
PossidonioGiord,1.0,1.0,1.0,1.0,1.0,0
esajas1,-1.0,-1.0,-1.0,-1.0,-1.0,0
godiegarciat,,1.0,1.0,1.0,1.0,0
mirochis,,1.0,1.0,1.0,1.0,0
Antijuridicidad,,1.0,1.0,1.0,1.0,0
GloriaFuentesSa,,1.0,1.0,1.0,1.0,0
UAAR_it,1.0,1.0,1.0,1.0,1.0,0
elenamente3,,0.5905703640004374,1.0,1.0,1.0,0
margampons,,1.0,1.0,1.0,1.0,0
jlprequejo,1.0,1.0,1.0,1.0,1.0,0
EleonoraFrance,,1.0,1.0,1.0,1.0,0
yppi2011,,1.0,0.9314402311199229,1.0,0.7943206933597687,10.283965332011563
Derechoalavida,1.0,1.0,1.0,1.0,1.0,0
JaumeFuster_RS,1.0,1.0,1.0,1.0,1.0,0
GaiaGuasp,,0.9678128683136531,0.7549702244179696,0.5442624579844915,0.3292849366266025,10.748876067894447
sil_viar0,,1.0,1.0,1.0,1.0,0
Valter14032653,,-1.0,-1.0,-1.0,-1.0,0
EoLC_research,1.0,1.0,1.0,1.0,1.0,0
giu33liana,0.2952845498199721,0.667758396430139,0.6821889678015736,0.7362428004388039,1.0,13.187859978059807
PoliticRetwitt,,1.0,0.9895775895448635,1.0,0.9687327686345906,1.5633615682704716
MauroBeltramo,,1.0,1.0,1.0,1.0,0
LadyJosepha,1.0,1.0,1.0,1.0,1.0,0
laurabergamas,1.0,1.0,1.0,1.0,1.0,0
MarioPa56744878,1.0,1.0,1.0,1.0,1.0,0
DoraMillaci,,1.0,1.0,1.0,1.0,0
ReteComuniSIN,,1.0,1.0,1.0,1.0,0
efepress,,1.0,1.0,1.0,1.0,0
Heltos,,1.0,1.0,1.0,1.0,0
IBCCanarias,,1.0,1.0,1.0,1.0,0
anestraat,,1.0,1.0,1.0,1.0,0
mjrmb,1.0,1.0,1.0,1.0,1.0,0
brunanera39,,1.0,1.0,1.0,1.0,0
jomononix,,1.0,1.0,1.0,1.0,0
eliadallaglio,,1.0,1.0,1.0,1.0,0
hazteoir,1.0,1.0,1.0,1.0,1.0,0
SYMPOSIUMnews,,1.0,1.0,1.0,1.0,0
ErmannoCastaldo,1.0,1.0,1.0,1.0,1.0,0
bennymusillami,1.0,1.0,1.0,1.0,1.0,0
reinadido,,1.0,1.0,1.0,1.0,0
pandaudrey,,-1.0,-1.0,-1.0,-1.0,0
HealthLawQUT,1.0,1.0,1.0,1.0,1.0,0
asceppacerca,,1.0,1.0,1.0,1.0,0
Vandabio,,0.8259092881561844,0.8957108569565446,0.7956812402535444,1.0,10.215937987322782
luciavized,,1.0,1.0,1.0,1.0,0
kkonigliani,,1.0,1.0,-1.0,1.0,100.0
Soy_Eleazar,,1.0,1.0,1.0,1.0,0
EdoardoQuaquini,,0.9634853534615876,0.8793359631791603,0.9260421096551374,0.7110371826143057,10.750246352041588
Elio50662856,,0.9071824001275135,0.4734835690733169,0.2652270800845148,-0.3939140930350763,32.95705865597955
fatina909,1.0,1.0,1.0,1.0,1.0,0
enzo2308,1.0,1.0,1.0,1.0,1.0,0
santinaf,,1.0,1.0,1.0,1.0,0
Giustizia47Vera,0.7764221520011908,0.9841138355761996,0.9096051574897889,0.8968906159332438,1.0,5.155469203337809
JesusPage1,,1.0,1.0,1.0,1.0,0
divita_miriam,1.0,1.0,0.9314402311199229,0.7040816326530612,0.8793348067710642,8.76265870590015
Inexhibit_mag,,0.9678128683136531,0.7549702244179696,0.8968906159332438,0.3292849366266025,28.380283965332065
FlorianaMissori,,1.0,1.0,1.0,1.0,0
ANTONIACUE,,1.0,1.0,1.0,1.0,0
elmostrador,,1.0,1.0,1.0,1.0,0
andrea__braga,,1.0,1.0,1.0,1.0,0
eryka_bo,0.5905689872626149,0.46650344787383197,0.6125666992958608,0.704839379417429,0.5697335015345122,6.755293894145842
BSalvarani,1.0,1.0,1.0,1.0,1.0,0
dario_gned,1.0,1.0,1.0,1.0,1.0,0
M1chelangel_0,,-1.0,-1.0,-1.0,-1.0,0
SottoLaMole,1.0,1.0,1.0,1.0,1.0,0
ChrisPeverieri,,1.0,1.0,1.0,1.0,0
crecio74,,1.0,1.0,1.0,1.0,0
EmanueleSalern5,,0.926927365640459,0.7952593196071193,0.9432689549706197,0.5319232275404399,20.56728637150899
barbaralai84,1.0,1.0,1.0,1.0,1.0,0
BabunitaSeco,,1.0,1.0,1.0,1.0,0
Clara_HVDT,,1.0,1.0,1.0,1.0,0
feliciagiudice1,,-1.0,1.0,-1.0,1.0,100.0
terribleteacher,,1.0,1.0,1.0,1.0,0
nameKimmo,1.0,1.0,1.0,1.0,1.0,0
catnoir3,,-1.0,-1.0,-1.0,-1.0,0
masterenproyect,1.0,1.0,1.0,1.0,1.0,0
velocevolo,,1.0,1.0,1.0,1.0,0
bioeticaweb,1.0,1.0,1.0,1.0,1.0,0
crislands,,1.0,1.0,1.0,1.0,0
LuisaCarrascoV,,1.0,1.0,1.0,1.0,0
GiaPettinelli,,1.0,1.0,1.0,1.0,0
Irus777,1.0,1.0,1.0,1.0,1.0,0
elcomercio_peru,1.0,1.0,1.0,1.0,1.0,0
NotiCampina,,1.0,1.0,1.0,1.0,0
PossibileIt,,1.0,1.0,1.0,1.0,0
ecodaipalazzi,,1.0,1.0,1.0,1.0,0
fgabry3740,,1.0,1.0,1.0,1.0,0
NinoCoppola82,1.0,1.0,1.0,1.0,1.0,0
latamaru77,,1.0,1.0,1.0,1.0,0
promocionLibros,,1.0,1.0,1.0,1.0,0
r_formigoni,,1.0,1.0,1.0,1.0,0
ErcoleRossi,1.0,1.0,1.0,1.0,1.0,0
GRAZMORGANGRACE,,0.8259092881561844,0.8957108569565446,0.7956812402535444,1.0,10.215937987322782
Marghe65834647,,1.0,0.8377000978875825,1.0,0.5131002936627478,24.344985316862612
jsolartep,,1.0,1.0,1.0,1.0,0
BGrisafi,,0.9591578386095221,0.9599709914256952,1.0,0.9615972970580414,1.9201351470979289
edibastianelli,-1.0,0.0,0.0,-0.33333333333333337,1.0,66.66666666666667
anna_mazzone,,0.8259092881561844,0.8957108569565446,0.7956812402535444,1.0,10.215937987322782
annalisapanello,,0.6677583964361917,0.9615786486697355,0.868121400219402,1.0,6.593929989029901
FrancescoBlotto,,1.0,1.0,1.0,1.0,0
o_agudelo75,,1.0,1.0,1.0,1.0,0
coraggioEpaura,,0.8259092881561844,0.9478554284782723,0.9318937467511814,1.0,3.405312662440929
VanityFairIt,,1.0,1.0,1.0,1.0,0
elisa24102,,1.0,1.0,0.7777777777777778,1.0,11.11111111111111
an12frnc,1.0,1.0,1.0,1.0,1.0,0
padrearturosaiz,,1.0,1.0,1.0,1.0,0
Perdukistan,0.7764221520011908,0.9400832753206508,0.731038662284889,0.5664393758956797,0.7751045492938403,10.43325866990803
FurfaroFrancesc,,1.0,1.0,1.0,1.0,0
cantuale,,1.0,1.0,1.0,1.0,0
toyenlacalle,,1.0,1.0,1.0,1.0,0
VincentMele92,,0.8259092881561844,0.8957108569565446,0.7956812402535444,1.0,10.215937987322782
angelicavillg,1.0,1.0,1.0,1.0,1.0,0
SueHarris1951,1.0,1.0,1.0,1.0,1.0,0
joejo2002,1.0,1.0,1.0,1.0,1.0,0
mcdellamico,,0.9330068957476639,0.8918000652583883,1.0,0.809386404279837,9.53067978600815
GabrielaFor,1.0,1.0,1.0,1.0,1.0,0
FrancoDiPaola,,0.939451766080312,0.8339139748416072,1.0,0.6228383923641977,18.858080381790117
RaoGiordano,,1.0,0.9657201155599615,1.0,0.8971603466798845,5.141982666005774
SteCavallaro,,1.0,1.0,1.0,1.0,0
niegotiziana,0.5905689872626149,0.9169133299044905,0.8575926050482836,-1.0,1.0,100.0
sonisope,1.0,1.0,1.0,1.0,1.0,0
avispadechile,,1.0,1.0,1.0,1.0,0
contini_rosario,,1.0,1.0,1.0,1.0,0
DiazAmezu,1.0,1.0,1.0,1.0,1.0,0
andreag_osteo,0.7764221520011908,0.9523415067285986,0.7288154724693666,0.8968906159332438,0.7770756862943361,5.990746481945386
LeerCapacita,,1.0,1.0,1.0,1.0,0
vancinimaria,,1.0,1.0,1.0,1.0,0
ROBZIK,,1.0,1.0,1.0,1.0,0
MarcellaOnnis,0.5905689872626149,0.8660137914990427,0.8377000978878288,1.0,1.0,0
pidemath,,1.0,1.0,1.0,1.0,0
radicalifoggia,,0.9251320090837617,0.8737818751966151,1.0,0.7710816074223219,11.445919628883905
massimo_ascari,,1.0,1.0,1.0,1.0,0
fojarol,0.5905689872626149,0.8660137914953279,0.5184729247835239,1.0,0.595893423331117,20.205328833444153
AmorDander771,,1.0,1.0,1.0,1.0,0
Nadif,,1.0,1.0,1.0,1.0,0
MarrtaRomero,,1.0,1.0,1.0,1.0,0
JonePierantonio,0.0,0.0,0.8571428571428572,1.0,1.0,0
carmenfefe,1.0,1.0,1.0,1.0,1.0,0
MarcoMariani_IT,,1.0,0.9940639156895464,1.0,0.982191747068639,0.8904126465680506
Mattjugolino,1.0,1.0,1.0,1.0,1.0,0
curiosamen,,1.0,0.8737818751966151,0.3333333333333333,0.6213456255898453,14.4006146128256
mari_arena75,,1.0,1.0,1.0,1.0,0
gerardo_laguna,1.0,1.0,1.0,1.0,1.0,0
AdrianoGizzi,1.0,1.0,1.0,1.0,1.0,0
lanebbiapadana,,1.0,1.0,-1.0,1.0,100.0
BiasinNicola,,1.0,1.0,1.0,1.0,0
matilderossi14,,1.0,1.0,1.0,1.0,0
VGentilomo,,0.9839064341568265,0.950994044883594,1.0,0.8851692663371291,5.741536683143544
aleiannucci77,,0.8259092881561844,0.8957108569565446,0.7956812402535444,1.0,10.215937987322782
alosrosa57,,1.0,1.0,1.0,1.0,0
GLaveaga,1.0,1.0,1.0,1.0,1.0,0
BMalebran,,1.0,1.0,1.0,1.0,0
NadaAlfano,,1.0,1.0,1.0,1.0,0
LuigiaFio,1.0,1.0,1.0,1.0,1.0,0
AdelinaRicciar1,1.0,0.9625660045451938,0.24918791679794183,1.0,-0.33939758425392946,66.96987921269647
francofalc,1.0,1.0,1.0,1.0,1.0,0
Bastard1974,,1.0,1.0,1.0,1.0,0
_Infoactualidad,,1.0,1.0,1.0,1.0,0
Fondaz_Veronesi,,1.0,1.0,1.0,1.0,0
RosanaRibera,1.0,1.0,1.0,1.0,1.0,0
iltrenoromalido,1.0,1.0,1.0,1.0,1.0,0
xpombo,,1.0,1.0,1.0,1.0,0
JUANMORALISTA,,1.0,1.0,1.0,1.0,0
lanzigiuseppe,,1.0,1.0,1.0,1.0,0
LutoEnColores,,1.0,1.0,1.0,1.0,0
MoragMcCook,,1.0,1.0,1.0,1.0,0
ronnyrosales8,1.0,1.0,1.0,1.0,1.0,0
Rosita_deMaria,,1.0,1.0,1.0,1.0,0
Ego314,1.0,1.0,1.0,1.0,1.0,0
julesbeton,,1.0,1.0,1.0,1.0,0
GIULIONE1,,1.0,1.0,1.0,1.0,0
gianvitosibilio,,1.0,1.0,1.0,1.0,0
Osteo74,0.7764221520011908,0.9523415067285986,0.8301278517946448,0.699611704368618,0.9553854739068255,12.788688476910377
jav_riv,,1.0,1.0,1.0,1.0,0
javieralvarado8,,1.0,1.0,1.0,1.0,0
DiegoAngelino83,,1.0,1.0,1.0,1.0,0
mtz1305,0.7952844936313075,0.9330068957476639,0.8377000978875825,1.0,0.9360427101382027,3.1978644930898636
PillaPaladini,,0.9129546440780922,0.9720188702192442,0.9591362480507089,1.0,2.0431875974645575
DottorWatson,,1.0,1.0,1.0,1.0,0
AntonioYepesCD,,1.0,1.0,1.0,1.0,0
fullrobyn,1.0,1.0,0.9925872206344616,1.0,0.9869535083166523,0.6523245841673853
CarloMusa,,1.0,1.0,1.0,1.0,0
Fe_DiLeo,1.0,1.0,1.0,1.0,1.0,0
francy_dream,,1.0,1.0,1.0,1.0,0
Maaninkavaara,,1.0,1.0,1.0,1.0,0
AnaGRiverPlate,,1.0,1.0,1.0,1.0,0
reyconbarba,1.0,1.0,1.0,1.0,1.0,0
rosamari732,,1.0,1.0,1.0,1.0,0
Aliicedrc,,1.0,1.0,1.0,1.0,0
PaxetBonumLux,1.0,1.0,1.0,1.0,1.0,0
iside50,-1.0,-1.0,-1.0,0.0,-1.0,50.0
crystyana2003,1.0,1.0,1.0,1.0,1.0,0
mmttccmm,1.0,1.0,1.0,1.0,1.0,0
jomacima,1.0,1.0,1.0,1.0,1.0,0
mcaratozzolo58,,1.0,1.0,1.0,1.0,0
Revolbailar,,1.0,1.0,1.0,1.0,0
OscarFlorianIBC,1.0,1.0,1.0,1.0,1.0,0
FPuggini,,1.0,1.0,1.0,1.0,0
NewsweekEspanol,,1.0,1.0,1.0,1.0,0
DAVID_PEREZ16,1.0,1.0,1.0,1.0,1.0,0
tremendaful,1.0,1.0,1.0,1.0,1.0,0
blueconomia,,1.0,1.0,1.0,1.0,0
lauramanzini_it,1.0,1.0,1.0,1.0,1.0,0
atecheseilunica,,1.0,1.0,1.0,1.0,0
anarpacheco,,1.0,1.0,1.0,1.0,0
MPenikas,,1.0,1.0,0.0,1.0,50.0
PieroSavaresi,,0.8660137914953279,0.6960684799091709,1.0,0.35617785673685654,32.19110716315717
mtbosa,,1.0,1.0,1.0,1.0,0
Angelo2456,1.0,1.0,1.0,1.0,1.0,0
Vanganel,,1.0,1.0,1.0,1.0,0
robertafidanzia,,1.0,1.0,1.0,1.0,0
de1969,,1.0,1.0,1.0,1.0,0
MilanoValdese,1.0,1.0,1.0,1.0,1.0,0
serenel14278447,1.0,1.0,1.0,1.0,1.0,0
sciollo191,,-1.0,-1.0,-1.0,-1.0,0
LeonardoR19,,1.0,1.0,1.0,1.0,0
gim_mariana,,1.0,1.0,1.0,1.0,0
monn60,,1.0,1.0,1.0,1.0,0
dalzottoflorian,1.0,1.0,1.0,1.0,1.0,0
Diveeer1,,1.0,1.0,0.0,1.0,50.0
amartpenalv,,1.0,1.0,1.0,1.0,0
carseri,,0.9468348093481179,0.9522724122615353,0.9318937467511814,0.9631476180883699,1.5626935668594244
Matteo_Munno,,1.0,1.0,1.0,1.0,0
repubblica,,1.0,1.0,1.0,1.0,0
fcastia,1.0,1.0,1.0,1.0,1.0,0
FedericoVilla2,,1.0,1.0,1.0,1.0,0
Barabba1,,1.0,1.0,1.0,1.0,0
isaabelalonsoda,1.0,1.0,1.0,1.0,1.0,0
Mediaweblife,,1.0,1.0,1.0,1.0,0
jplazav,1.0,1.0,1.0,1.0,1.0,0
889Noticias,1.0,1.0,1.0,1.0,1.0,0
spaziodimirko,,1.0,1.0,1.0,1.0,0
clastella2017,1.0,1.0,1.0,1.0,1.0,0
LLefischia,1.0,1.0,1.0,1.0,1.0,0
vivianamorchio,,1.0,1.0,1.0,1.0,0
Charlygatooo,,1.0,1.0,1.0,1.0,0
AlisaRusBuffo,1.0,1.0,1.0,1.0,1.0,0
elluas,,1.0,1.0,1.0,1.0,0
DAMTLEMHN,,1.0,1.0,1.0,1.0,0
Maurizio_Lupi,,1.0,1.0,1.0,1.0,0
75Ginny,1.0,1.0,1.0,1.0,1.0,0
RM_II_Possibile,,1.0,1.0,1.0,1.0,0
aciprensa,1.0,1.0,1.0,1.0,1.0,0
svale16,,1.0,1.0,1.0,1.0,0
giannettaOr,,1.0,1.0,1.0,1.0,0
Nic_Panta,0.5905689872626149,0.8660137914953279,0.6960684799195452,0.7644557823129252,0.9084616003705146,7.20029090287947
scaradave,,-1.0,-1.0,-1.0,-1.0,0
BCarazzolo,,1.0,1.0,0.6666666666666666,1.0,16.666666666666668
FPactual,1.0,1.0,1.0,1.0,1.0,0
giorgiasalvato,,1.0,1.0,1.0,1.0,0
AnnamariaAcerra,1.0,1.0,1.0,1.0,1.0,0
DorisLourdes_11,1.0,1.0,1.0,1.0,1.0,0
licia_la,-1.0,-1.0,-1.0,-1.0,-1.0,0
MariaGu72189811,1.0,1.0,1.0,1.0,1.0,0
capogriso,,1.0,1.0,1.0,1.0,0
Lcungi,,0.9678128683136531,0.870994044883594,1.0,0.6773563980234758,16.13218009882621
senzasinistra,0.6646329162652359,0.8969194177040154,0.7167367639920702,1.0,0.8678332089550784,6.608339552246079
pino_nostro,,1.0,1.0,1.0,1.0,0
maitesancat,,1.0,1.0,1.0,1.0,0
ilmessaggeroit,,1.0,1.0,1.0,1.0,0
g_limitone,,1.0,0.9314402311199229,1.0,0.7943206933597687,10.283965332011563
Andrearatio,1.0,1.0,1.0,1.0,1.0,0
danielat65,,1.0,1.0,1.0,1.0,0
conosbalboaga,1.0,1.0,1.0,1.0,1.0,0
sergiodadamo,,0.9278250439249123,0.7167367640431768,1.0,0.29456020427970575,35.271989786014714
gabrielezagni,,1.0,1.0,1.0,1.0,0
Ganbol74,,1.0,1.0,1.0,1.0,0
Panf57,,1.0,1.0,1.0,1.0,0
oldo_bis,0.5905689872626149,0.9027327787878199,0.8195801992139548,0.434060700109701,1.0,28.29696499451495
micioalato,,1.0,0.6666666666666666,0.8333333333333333,-1.1102230246251565e-16,41.66666666666667
AntonellaGrim,,1.0,1.0,1.0,1.0,0
ANGELACONGIU,,1.0,1.0,1.0,1.0,0
TheG_Ralpha,,0.9251320090837617,0.747563750393528,0.0,0.3924272330130605,19.621361650653025
MarisaLevi1,,1.0,1.0,1.0,1.0,0
andreaAocello,1.0,1.0,1.0,1.0,1.0,0
GASirianni,,1.0,1.0,1.0,1.0,0
milycimadevilla,1.0,1.0,1.0,1.0,1.0,0
FernandodPablo,,1.0,1.0,1.0,1.0,0
jmalavep1,,1.0,1.0,1.0,1.0,0
mottinelli,,1.0,1.0,1.0,1.0,0
jmsan314,,1.0,1.0,1.0,1.0,0
paoloigna1,,1.0,1.0,1.0,1.0,0
ahoramurciapati,,1.0,1.0,1.0,1.0,0
Sarinayetnot,,0.8259092881561844,0.8957108569565446,0.7956812402535444,1.0,10.215937987322782
romeo301981,0.832316458132618,0.9656398059013385,0.9131624228238907,1.0,1.0,0
J_Sanchez_Serna,1.0,1.0,1.0,1.0,1.0,0
evrugi,,1.0,1.0,1.0,1.0,0
SCC_Bassano,,1.0,1.0,1.0,1.0,0
VittorioPalumbo,,0.9839064341568265,0.9494669696671177,1.0,0.8805880406877001,5.970597965614993
MariaC_Pisani,,1.0,1.0,1.0,1.0,0
pitmun,,1.0,1.0,1.0,1.0,0
PicchixFirenze,,1.0,1.0,1.0,1.0,0
GLORIAGARRE,,1.0,1.0,1.0,1.0,0
Graciel01759600,1.0,1.0,1.0,1.0,1.0,0
ManySkills1701,1.0,1.0,1.0,1.0,1.0,0
medicojunghiano,,1.0,1.0,1.0,1.0,0
meygagoyzueta,,1.0,1.0,1.0,1.0,0
SinnovaIT,,1.0,1.0,1.0,1.0,0
p_pedra,,0.8259092881561844,0.8957108569565446,0.7956812402535444,1.0,10.215937987322782
PelliPetja,,1.0,1.0,1.0,1.0,0
DomenicoMazzil5,,1.0,1.0,1.0,1.0,0
fgb_sw,1.0,1.0,1.0,1.0,1.0,0
71locatelli,,0.9278250439249123,0.7167367640431768,1.0,0.29456020427970575,35.271989786014714
ValComm,,-0.016093565840255564,-0.7075049625969329,-0.6455737542015508,-1.0,17.72131228992246
senori_dima,,1.0,1.0,1.0,1.0,0
JSaezGalan,1.0,1.0,1.0,1.0,1.0,0
elisabarbini,,1.0,1.0,1.0,1.0,0
r_portoghesi,1.0,1.0,1.0,1.0,1.0,0
TizianaSandrin4,,1.0,1.0,1.0,1.0,0
mojacar12,,1.0,1.0,1.0,1.0,0
OteroJimena,,1.0,1.0,1.0,1.0,0
zucche_rosa,,1.0,1.0,1.0,1.0,0
actuallcom,1.0,1.0,1.0,1.0,1.0,0
SI_sinistra,,1.0,0.9910920612371481,1.0,0.9732761837114443,1.3361908144277845
albebragaglia,,1.0,1.0,1.0,1.0,0
CursoPbc,1.0,1.0,1.0,1.0,1.0,0
GVNVNCR,1.0,1.0,1.0,1.0,1.0,0
concitadeg,,1.0,1.0,1.0,1.0,0
MariaLMontalban,,1.0,1.0,1.0,1.0,0
TuttoQuaNews,1.0,1.0,1.0,1.0,1.0,0
elenaruggeri2,1.0,1.0,1.0,1.0,1.0,0
Prodigo_,1.0,1.0,1.0,1.0,1.0,0
mrboo80,,1.0,1.0,1.0,1.0,0
alftab3,1.0,1.0,1.0,1.0,1.0,0
dbati79,1.0,1.0,1.0,1.0,1.0,0
GGeinzger,0.5905689872626149,0.8660137914953279,0.8377000978875825,1.0,1.0,0
NickMyOnlyOne,0.22992770411451321,0.48870621812173254,0.631847848800888,0.2171136960557473,1.0,39.144315197212634
francescafiloc2,1.0,1.0,1.0,1.0,1.0,0
JoseAsael,,1.0,1.0,1.0,1.0,0
lauralruiz,,1.0,1.0,1.0,1.0,0
cinziacaporale,0.7827096947128276,0.9729483182022277,0.8906823618277435,0.917512492746595,1.0,4.124375362670252
SegatDavide,1.0,1.0,1.0,1.0,1.0,0
claudia_condori,1.0,1.0,1.0,1.0,1.0,0
Franciscoteran0,,1.0,1.0,1.0,1.0,0
SignorAldo,,1.0,1.0,1.0,1.0,0
Yowsa777,1.0,1.0,1.0,1.0,1.0,0
SOLIDARIDADNET,1.0,1.0,1.0,1.0,1.0,0
RagozzinoLeo,1.0,1.0,1.0,1.0,1.0,0
virginiaolmedo,,1.0,1.0,1.0,1.0,0
angiuoniluigi,,1.0,1.0,1.0,1.0,0
javiergalanb,1.0,1.0,1.0,1.0,1.0,0
daealmar,1.0,1.0,1.0,1.0,1.0,0
FestReligioni,-1.0,-1.0,-1.0,-1.0,-1.0,0
Filomena_Gallo,0.776421944176824,0.9523415067228171,0.7288154724687368,0.6906718477997315,0.7770759439926671,4.320204809646783
licilook,1.0,1.0,1.0,1.0,1.0,0
ilPFmax,,1.0,1.0,1.0,1.0,0
Megavatio29,,1.0,1.0,1.0,1.0,0
Sara_6277,1.0,1.0,1.0,1.0,1.0,0
karinaf818,,1.0,1.0,1.0,1.0,0
RadioRadicale,0.7764221520011908,0.9591578386041201,0.9199419828510452,0.876185203949235,1.0,6.190739802538248
Voluntario13,1.0,1.0,1.0,1.0,1.0,0
anasanchezv,1.0,1.0,1.0,1.0,1.0,0
SurrexitVere,,1.0,1.0,1.0,1.0,0
straditeresa,,1.0,1.0,1.0,1.0,0
2014Criame,,1.0,1.0,1.0,1.0,0
Terenzio631976,1.0,1.0,1.0,1.0,1.0,0
dorlando1959,,1.0,0.9657201155599615,0.8027210884353742,0.8971603466798845,4.72196291222552
AGherbitz,,1.0,0.0,-0.21678031205216014,-1.0,39.160984397392
IlariaValenzi,,1.0,1.0,1.0,1.0,0
SaffronHorizon,,0.9548612583880246,0.8268639455244076,0.89160984397392,0.5708693197971733,16.037026208837336
SilvioRosati,,0.8259092881561844,0.8957108569565446,0.7956812402535444,1.0,10.215937987322782
CNT_Graficas,,1.0,1.0,1.0,1.0,0
EleGV25,1.0,1.0,1.0,1.0,1.0,0
CiranGuccini,0.7764221520011908,0.9523415067285986,0.8613880591281359,1.0,1.0,0
mexican_journal,,1.0,1.0,1.0,1.0,0
LuigiManconi1,,1.0,0.0,0.3333333333333333,-1.0,66.66666666666666
VirginiaBerni,,0.9251320090837617,0.7475637503932303,0.5664393758956797,0.39242723301216753,8.70060714417561
mitzicim,0.5905689872626149,0.9553379304984425,0.9188500489437912,1.0,1.0,0
karlabarriosr,1.0,1.0,1.0,1.0,1.0,0
Blumeweb,0.5905689872626149,0.9330068957476639,1.0,1.0,1.0,0
rarimani,1.0,1.0,1.0,1.0,1.0,0
fsiciliani,,0.9251320090837617,0.8737818751966151,0.7832196879478399,0.7710816074223219,0.6069040262759007
EnriqueAguilarJ,1.0,1.0,1.0,1.0,1.0,0
Castruccio64,1.0,1.0,1.0,1.0,1.0,0
unoscribacchino,,1.0,1.0,1.0,1.0,0
MARCORO85689092,-1.0,-1.0,1.0,1.0,1.0,0
Fletan,1.0,1.0,1.0,1.0,1.0,0
cnp10,,1.0,1.0,1.0,1.0,0
arquitek216,,1.0,1.0,1.0,1.0,0
roman_carret,,1.0,1.0,1.0,1.0,0
Lazaro_Perez94,1.0,1.0,1.0,1.0,1.0,0
BlogLCU,1.0,1.0,1.0,1.0,1.0,0
lugonzalez_h,1.0,1.0,1.0,1.0,1.0,0
valelibera,,1.0,1.0,1.0,1.0,0
vit_marco,,0.9278250439350282,0.7167367640288593,1.0,0.2945602042165216,35.271989789173915
cappellini_c,,1.0,1.0,1.0,1.0,0
FilomenaNatale,,1.0,1.0,1.0,1.0,0
DoctoraPaty,,1.0,1.0,1.0,1.0,0
vedocose,,0.9839064341568265,0.8424924514027057,0.8795716784464774,0.5596644858944637,15.995359627600687
DriverMattia198,,1.0,1.0,1.0,1.0,0
Annadrx00,,1.0,1.0,1.0,1.0,0
maualberti,,0.9523415067285986,0.9095802263843895,0.9139919781070458,0.8240576656959713,4.496715620553726
babi_lolita,,1.0,1.0,1.0,1.0,0
joseangeljt,,1.0,1.0,1.0,1.0,0
ondameme,,0.8901763497103369,0.7498090446638119,0.8978406201267721,0.46907443457076203,21.438309277800506
blanca_mar2004,,1.0,1.0,1.0,1.0,0
lndieNewsNow,,0.9251320090903875,0.7475637503938255,1.0,0.3924272330007015,30.378638349964927
no_dhont,,1.0,1.0,1.0,1.0,0
xindyta10,,1.0,1.0,1.0,1.0,0
EmanuKant,1.0,1.0,1.0,1.0,1.0,0
LucianaMatarese,,1.0,1.0,1.0,1.0,0
Lindauauaua,0.7764221520011908,0.9523415067285986,0.7288154724693666,0.6906718477997315,0.7770756862943361,4.320191924730232
coracaprio,1.0,1.0,1.0,1.0,1.0,0
redazionenaz,,1.0,1.0,1.0,1.0,0
teuz1313,,1.0,1.0,1.0,1.0,0
chusa21,,1.0,1.0,1.0,1.0,0
AlbertoForesti3,,1.0,1.0,0.5935374149659864,1.0,20.323129251700678
RitaFrazzoni,,0.8259092881561844,1.0,0.8978406201267721,1.0,5.107968993661394
philipnitschke,1.0,1.0,1.0,1.0,1.0,0
lorenzotiezzi,,0.9251320090837617,-0.41747874986892325,-1.0,-1.0,0
Giovanniii,,0.9129546440780922,0.9478554284782723,0.7956812402535444,1.0,10.215937987322782
luciavalente_tw,,1.0,1.0,1.0,1.0,0
MadagioPepe,0.7764221520011908,0.9523415067285986,0.7288154724693666,0.8453359238998657,0.7770756862943361,3.4130118802764784
momarte1,,1.0,0.8918000652594391,1.0,0.6754001957783173,16.229990211084132
maciampi1789,,0.9625660045418809,0.936016527292851,1.0,0.8829175727947915,5.8541213602604225
Disabili_com,,1.0,1.0,1.0,1.0,0
giatav,,1.0,1.0,1.0,1.0,0
ivomez,,1.0,1.0,0.5,1.0,25.0
GabriellaGullac,,1.0,1.0,1.0,1.0,0
marini_ro,,1.0,0.8377000978875825,0.2989635386444146,0.5131002936627478,10.706837750916659
asnerp,,1.0,1.0,1.0,1.0,0
sarvexit,,1.0,1.0,1.0,1.0,0
Scienza_e_Vita,1.0,1.0,1.0,1.0,1.0,0
Firefly_fan,1.0,1.0,1.0,1.0,1.0,0
PJaimeMarenco,,1.0,1.0,1.0,1.0,0
_FiliaDei,,1.0,1.0,1.0,1.0,0
TeroPohjasniemi,1.0,1.0,1.0,1.0,1.0,0
gaelle14juillet,0.7952844936313075,0.922980769912878,0.9188500489437912,0.8114654251976589,1.0,9.426728740117058
Concato10,,1.0,1.0,1.0,1.0,0
docst,,1.0,1.0,1.0,1.0,0
framarinucci,,0.9678128683136531,0.8634945473200129,0.7721312289922457,0.6548579053327324,5.863666182975669
UsuariosanidadM,1.0,1.0,1.0,1.0,1.0,0
URosarioRadio,,1.0,1.0,1.0,1.0,0
biojurmediij,1.0,1.0,1.0,1.0,1.0,0
ChusDiazTrapi,1.0,1.0,1.0,1.0,1.0,0
sikoctgipod,,1.0,1.0,1.0,1.0,0
nonsene_puopiu,,0.8259092881561844,0.8957108569565446,0.7956812402535444,1.0,10.215937987322782
sovmadrid,,1.0,1.0,1.0,1.0,0
ajsneildArgenie,,1.0,1.0,1.0,1.0,0
demosolidale,1.0,1.0,1.0,1.0,1.0,0
jrivascuellar,1.0,1.0,1.0,1.0,1.0,0
Robycop51,1.0,1.0,1.0,1.0,1.0,0
Melogranocs,,1.0,1.0,1.0,1.0,0
Duck170,-1.0,-1.0,-1.0,-1.0,-1.0,0
smontielsegovia,1.0,1.0,1.0,1.0,1.0,0
LorenzoRoselliX,1.0,1.0,1.0,1.0,1.0,0
cristiandonatel,-1.0,-0.16612080178190414,0.22739632260138784,0.868121400219402,1.0,6.593929989029901
roxelloo,1.0,1.0,1.0,1.0,1.0,0
paoladelusa,1.0,1.0,1.0,0.7777777777777778,1.0,11.11111111111111
TinaAnceschi,,1.0,1.0,1.0,1.0,0
Exploreosu,,1.0,1.0,1.0,1.0,0
nabu65,1.0,1.0,0.9657201155599615,0.5289115646258504,0.9396674033855321,20.537791937984085
mbolognetti,0.6834955696319028,0.9091776491119632,0.7920781794888626,0.0,0.982928361130581,49.14641805652905
nancycard31,,1.0,1.0,1.0,1.0,0
marinaM5S,1.0,1.0,1.0,1.0,1.0,0
MesaDefensaSani,,1.0,1.0,1.0,1.0,0
Dinao86,,0.9464724386987073,0.8341779916037333,1.0,0.6095890974137852,19.52054512931074
FRodriguezG,1.0,1.0,1.0,1.0,1.0,0
AntonioliDavide,,1.0,1.0,1.0,1.0,0
SandraBattisti,,1.0,1.0,1.0,1.0,0
diamarycielo1,,1.0,1.0,1.0,1.0,0
martabonafoni,,1.0,1.0,1.0,1.0,0
RobRe62,-1.0,0.21921282789094626,0.2175048099235859,0.6506229899162779,1.0,17.468850504186108
sadape54,0.7952844936313075,0.8991885169880143,0.6076064037027266,0.33869276303884505,0.5148449865682243,8.807611176468964
CNT_Villaverde,,1.0,1.0,1.0,1.0,0
InfocomS,,1.0,1.0,1.0,1.0,0
DaniloRizzi3,,0.8259092881561844,0.8957108569565446,0.7956812402535444,1.0,10.215937987322782
eye_sp,1.0,1.0,1.0,1.0,1.0,0
sisto_davide,,1.0,1.0,1.0,1.0,0
beagiava,,1.0,1.0,1.0,1.0,0
UmbertoMorosini,,0.8259092881561844,0.22513339859172166,-0.10215937987322782,-0.9764183805372038,43.712950033198794
SchwarzGuido,-1.0,-1.0,-1.0,-1.0,-1.0,0
ocatarinetabel1,,1.0,1.0,1.0,1.0,0
corinnandreatta,1.0,1.0,1.0,1.0,1.0,0
UnoQuasiNormale,0.6834955696319028,0.9144957691025627,0.7172598062125873,-1.0,0.8538007217598242,92.69003608799122
jabs305,,1.0,1.0,1.0,1.0,0
barbarozap,,1.0,1.0,1.0,1.0,0
bendellavedova,,0.927825043912703,0.7167367640279978,1.0,0.2945602042585873,35.27198978707064
cristinamucciol,,1.0,1.0,1.0,1.0,0
JRichterr8,1.0,1.0,1.0,1.0,1.0,0
alpasalp,1.0,1.0,1.0,1.0,1.0,0
afribix,1.0,1.0,1.0,1.0,1.0,0
MargiorieParada,,1.0,1.0,1.0,1.0,0
mariannaaprile,0.5905689872626149,0.8660137914953279,0.675400195775165,1.0,0.8720854202764052,6.395728986179739
diariomedico,1.0,1.0,1.0,1.0,1.0,0
AnnalisaChirico,-1.0,-1.0,-1.0,-1.0,-1.0,0
MirasoleCarlo,,1.0,1.0,1.0,1.0,0
IlCommentatore_,,1.0,1.0,1.0,1.0,0
franco_sala,,0.8259092881561844,0.9970348882538067,0.9318937467511814,1.0,3.405312662440929
CordioliMirco,1.0,1.0,1.0,1.0,1.0,0
vidaparanacer,,1.0,1.0,1.0,1.0,0
nella12_r,1.0,1.0,1.0,1.0,1.0,0
Paolomasi18,0.0,0.0,0.43689093759845643,1.0,0.7689280501732834,11.553597491335832
IreneMossa,0.5905689872626149,0.8660137914953279,0.675400195775165,0.8968906159332438,0.8720854202764052,1.2402597828419293
trimpa48,1.0,1.0,1.0,1.0,1.0,0
MassimilianoWie,,-1.0,-1.0,-0.5,-1.0,25.0
giornalettismo,1.0,1.0,1.0,1.0,1.0,0
eudomar_chacin,,1.0,1.0,1.0,1.0,0
74Rober,1.0,1.0,1.0,1.0,1.0,0
EmmaCiccarelli,,1.0,1.0,1.0,1.0,0
marialauraloi,1.0,1.0,1.0,1.0,1.0,0
VillaTelesio,1.0,1.0,1.0,-1.0,1.0,100.0
laltraguanciama,1.0,1.0,1.0,1.0,1.0,0
sca_loredana,-1.0,-1.0,-1.0,0.3333333333333333,-1.0,66.66666666666666
MaSpadavecchia,,1.0,1.0,1.0,1.0,0
pisarello2000,,1.0,1.0,1.0,1.0,0
MauroGiorgino,,0.8259092881561844,0.8957108569565446,0.7956812402535444,1.0,10.215937987322782
permarcogentili,0.7386966073289236,0.9278250439053353,0.7167367639908138,0.6644513413780717,0.7908289326105278,6.318879561622803
marcomix80,0.5905692120172735,0.8660137915027574,0.6754001957761502,0.3333333333333333,0.8720851415859285,26.937590412629763
fraska84,,1.0,1.0,1.0,1.0,0
nozze89,1.0,1.0,1.0,1.0,1.0,0
Raky70676024,,1.0,1.0,1.0,1.0,0
cenadeleceneri,,0.9278250439249123,0.7167367640431768,-1.0,0.29456020427970575,64.72801021398529
cristinavalles,1.0,1.0,1.0,1.0,1.0,0
Massimo59622428,,1.0,1.0,1.0,1.0,0
tottoi1970,1.0,1.0,1.0,1.0,1.0,0
alexcar1975,1.0,1.0,1.0,1.0,1.0,0
style4082,,1.0,1.0,1.0,1.0,0
RossanaCaccavo,0.5905689872626149,0.9169133299044905,0.8101234733977115,1.0,1.0,0
maffezzoli,,1.0,1.0,1.0,1.0,0
14504ae94367406,1.0,1.0,1.0,1.0,1.0,0
MediasetTgcom24,,1.0,1.0,1.0,1.0,0
lucaciarrocca,,1.0,1.0,1.0,1.0,0
MEDSAPsg,,1.0,1.0,1.0,1.0,0
robertodiloreto,,1.0,0.3333333333333333,0.0,-1.0,50.0
toscaross,1.0,1.0,1.0,1.0,1.0,0
SalPannullo,0.7764221520011908,0.9523415067285986,0.8301278517946448,0.6906718477997315,0.9553854739068255,13.235681305354701
LacuadraU,1.0,1.0,1.0,1.0,1.0,0
Obioetica,1.0,1.0,1.0,1.0,1.0,0
JORGITO_DELGADO,1.0,1.0,1.0,1.0,1.0,0
guidopoli3,0.7889970464212687,0.9144957691047714,0.7172598062127857,0.8968906159332438,0.7229788905424201,8.695586269541183
ApCamera,,1.0,1.0,1.0,1.0,0
529b01bfc0c44e9,1.0,1.0,1.0,1.0,1.0,0
adriavoltes,1.0,1.0,1.0,1.0,1.0,0
_TheVAX_,,1.0,1.0,1.0,1.0,0
siceid,,1.0,0.8915178639072896,0.868121400219402,0.6745535917218688,9.67839042487666
ae7ded6150e24fe,,0.8259092881561844,0.9478554284782723,0.7956812402535444,1.0,10.215937987322782
Colegualina,,1.0,1.0,1.0,1.0,0
Dadan_ka,1.0,1.0,0.8918000652583883,1.0,0.8095681148547634,9.521594257261828
janetnoseda,,1.0,1.0,1.0,1.0,0
giangiu2008,,0.8259092881561844,0.8957108569565446,0.7956812402535444,1.0,10.215937987322782
SariEssayah,1.0,1.0,1.0,1.0,1.0,0
Innosta,,1.0,1.0,1.0,1.0,0
deb8479eaeef410,,1.0,1.0,1.0,1.0,0
eherguedas,,1.0,1.0,1.0,1.0,0
IeSslo,1.0,0.9330068957476639,0.4935407673640002,1.0,0.07647506051951891,46.17624697402405
Lore_n_bruto,,1.0,1.0,1.0,1.0,0
fededuo,,1.0,1.0,0.5,1.0,25.0
jmvidalvilla,1.0,1.0,1.0,1.0,1.0,0
Emisalm,1.0,1.0,1.0,1.0,1.0,0
MeganoticiasTVC,,1.0,1.0,1.0,1.0,0
CipollaLorenzo,1.0,1.0,0.9657201155599615,1.0,0.9396674033855321,3.016629830723394
documentazione_,,1.0,1.0,1.0,1.0,0
lanuovaBQ,1.0,1.0,1.0,1.0,1.0,0
LorenzoSestito,,1.0,1.0,1.0,1.0,0
JACarrilloMora,1.0,1.0,1.0,1.0,1.0,0
Eleda59,,1.0,1.0,1.0,1.0,0
MariaElenaBozz1,,0.9369260375391003,0.6601160021522541,0.0,0.10649593137856161,5.324796568928081
SolaNancy,,1.0,1.0,1.0,1.0,0
democratica_web,1.0,1.0,1.0,1.0,1.0,0
13reinas13,,1.0,1.0,1.0,1.0,0
Juliococo,,1.0,1.0,1.0,1.0,0
GiuseppeSardoVi,,1.0,1.0,1.0,1.0,0
dani_cardoso19,,1.0,1.0,1.0,1.0,0
AvanzaSilvia,1.0,1.0,1.0,1.0,1.0,0
lidiota_0,1.0,1.0,1.0,1.0,1.0,0
Ste_Mazzu,1.0,1.0,1.0,1.0,1.0,0
deltamikeMD,,1.0,1.0,1.0,1.0,0
rumoredellutto,,1.0,1.0,1.0,1.0,0
fernandokrammer,1.0,1.0,1.0,1.0,1.0,0
PiaZorzi,,1.0,1.0,1.0,1.0,0
riojavioleta,,1.0,1.0,1.0,1.0,0
Giorgio_47,1.0,1.0,1.0,1.0,1.0,0
josecamiloc19,,1.0,1.0,1.0,1.0,0
tonioct22,,1.0,1.0,1.0,1.0,0
maumartina,,1.0,1.0,1.0,1.0,0
mariandres2014,0.29528470016496233,0.8338791982180959,0.9205472419510409,0.24541426681293463,1.0,37.729286659353264
manuliga72,,0.9477864501447724,0.6057409865420988,0.5347880668860686,-0.07834994066324819,30.65690037746584
donatellabarus,,1.0,1.0,1.0,1.0,0
ass_coscioni,0.7925105704002973,0.9251320090797631,0.747563750392797,0.5664393758956797,0.7770624577532403,10.531154092878031
alatikaipiperi,,1.0,1.0,1.0,1.0,0
AleTeichner,,1.0,1.0,1.0,1.0,0
Eligevida,1.0,1.0,1.0,1.0,1.0,0
TaniaMolG,,1.0,1.0,1.0,1.0,0
Mitch1978Ar,,1.0,1.0,1.0,1.0,0
Suha_Ab,0.7018959948438875,0.9538653147238425,0.87350686382305,0.7114425712574032,1.0,14.427871437129841
marco_valente_,,1.0,1.0,1.0,1.0,0
Peleo59,1.0,1.0,0.9974548746392066,0.5,0.9955205793650036,24.77602896825018
Consalud_es,,1.0,1.0,1.0,1.0,0
chenoayyo2006,,1.0,1.0,1.0,1.0,0
SMediaGreen,,1.0,1.0,1.0,1.0,0
VIOLAMARTELLA46,0.5905696756315262,0.8459615398257561,0.9077062923553736,0.9063848081384696,1.0,4.680759593076522
__Zorro___,,0.9251320090837617,0.7475637503932303,1.0,0.39242723301216753,30.378638349391622
RafadelaGuerra,,1.0,1.0,1.0,1.0,0
QTombolini,,0.8259092881561844,0.8957108569565446,-0.10215937987322782,1.0,55.107968993661395
EnricoFarm,,1.0,1.0,1.0,1.0,0
gioalbarosa,0.5905689872626149,0.8660137914953279,0.8377000978875825,1.0,1.0,0
FamiliaspSJp,,1.0,1.0,1.0,1.0,0
ale_rossg,1.0,1.0,1.0,1.0,1.0,0
Colmedicocaldas,,1.0,1.0,1.0,1.0,0
Rebollejos,1.0,1.0,1.0,1.0,1.0,0
mneirawilson,,1.0,1.0,1.0,1.0,0
il_giga,,1.0,1.0,1.0,1.0,0
letrasdeautor,,1.0,1.0,1.0,1.0,0
laurenarse,,1.0,1.0,1.0,1.0,0
Alzalavoz_poeta,1.0,1.0,1.0,1.0,1.0,0
nonnagi2000gmai,,1.0,1.0,1.0,1.0,0
Stemag64,0.5905689872626149,0.8660137914953279,0.8918000652583883,1.0,1.0,0
MercurioPsi,1.0,1.0,1.0,1.0,1.0,0
PapiriAnna,,1.0,1.0,1.0,1.0,0
magnino,,1.0,1.0,1.0,1.0,0
LaVeritaWeb,,1.0,1.0,1.0,1.0,0
Laurapastorell4,0.5905689872626149,0.8660137914953279,0.6787945817896641,0.7362428004388039,0.8780595396619237,7.090836961155994
egos23,,0.9636989377089696,0.8479122428153576,0.9587284013164116,0.6163388530281335,17.119477414413904
SandroColitti,,1.0,1.0,1.0,1.0,0
WikiPalta,1.0,1.0,1.0,1.0,1.0,0
sarisarkomaa,,1.0,1.0,1.0,1.0,0
alegio957,,0.8259092881561844,0.7478554284782724,0.7956812402535444,0.5917477091224483,10.1966765565548
JaimeUnquera,1.0,1.0,1.0,1.0,1.0,0
PatrizioNicole1,1.0,1.0,1.0,1.0,1.0,0
Seba_pizarro82,1.0,1.0,1.0,1.0,1.0,0
fiftycb,1.0,1.0,1.0,1.0,1.0,0
SonDandelion,0.6646329162652359,0.8969194177040154,0.7167367639920702,1.0,0.8678332089550784,6.608339552246079
asdanyas,,1.0,1.0,1.0,1.0,0
NikolausVonMyra,1.0,1.0,1.0,1.0,1.0,0
MurielMiyabi,,1.0,1.0,1.0,1.0,0
leligamu,1.0,1.0,1.0,1.0,1.0,0
joancmarch,,1.0,1.0,1.0,1.0,0
manuelaferrar15,,1.0,1.0,1.0,1.0,0
NariaCVP,1.0,1.0,1.0,1.0,1.0,0
ItaliaRecord,1.0,1.0,1.0,1.0,1.0,0
luciastarace1,,1.0,1.0,1.0,1.0,0
mframdhanisy__,,0.9251320090903875,0.7475637503938255,1.0,0.3924272330007015,30.378638349964927
Spacciaretweet,,1.0,1.0,1.0,1.0,0
PatriziaCorrada,,1.0,1.0,1.0,1.0,0
angelagennaro,,1.0,1.0,1.0,1.0,0
marin_grego,,1.0,1.0,1.0,1.0,0
TopaM79,,1.0,1.0,1.0,1.0,0
RealTimeNews__,1.0,1.0,1.0,1.0,1.0,0
ripofnail,,1.0,1.0,1.0,1.0,0
AlessioFraumene,1.0,1.0,1.0,1.0,1.0,0
michelaoliva,,1.0,1.0,1.0,1.0,0
CanilAdri,1.0,1.0,1.0,1.0,1.0,0
LosadaPescador,,1.0,1.0,1.0,1.0,0
Mariaesteladv,1.0,1.0,1.0,1.0,1.0,0
strata_gemma,,0.8259092881561844,0.8957108569565446,0.7956812402535444,1.0,10.215937987322782
CianPdc,,-1.0,-1.0,-1.0,-1.0,0
Guglielmo_61,0.738696845267857,0.9089760265295954,0.857511170546797,0.6372954270735035,1.0,18.135228646324826
hrodriguez72,1.0,1.0,1.0,1.0,1.0,0
pinopao,1.0,1.0,1.0,1.0,1.0,0
luzarodel78,,1.0,1.0,1.0,1.0,0
ClaudiaSekhmet,,1.0,1.0,1.0,1.0,0
redaccionmedica,1.0,1.0,1.0,1.0,1.0,0
monica_targusi,,1.0,1.0,1.0,1.0,0
magindipendente,,1.0,1.0,1.0,1.0,0
kattolikamente,1.0,1.0,1.0,1.0,1.0,0
miliziachristi,1.0,1.0,1.0,1.0,1.0,0
UdcIta,,1.0,1.0,1.0,1.0,0
marcocappato,0.7952844936313075,0.9678128683101315,0.7549702244176547,0.5442624579844915,0.8071449996611143,13.144127083831142
MARIO_DerFriaul,1.0,1.0,1.0,1.0,1.0,0
JLCortijo,1.0,1.0,1.0,1.0,1.0,0
clia_g,,1.0,1.0,1.0,1.0,0
LuisellaSaro,1.0,1.0,1.0,1.0,1.0,0
rive435,,1.0,1.0,1.0,1.0,0
Arturo_Scotto,,0.8259092881561844,0.8957108569565446,0.7956812402535444,1.0,10.215937987322782
elEconomistaes,1.0,1.0,1.0,1.0,1.0,0
teabertolo,,0.9678128683136531,0.8774851122089848,0.5442624579844915,0.6968295999996483,7.628357100757843
JeanyGalliot,1.0,1.0,1.0,1.0,1.0,0
darkokerim,,0.9251320090837617,0.7475637503932303,0.5664393758956797,0.39242723301216753,8.70060714417561
EnricoGallicani,,0.8338791982180959,0.8497314329618351,0.868121400219402,0.8814359024493135,0.6657251114955742
GPuntoticket,1.0,1.0,1.0,1.0,1.0,0
LeoneGrotti,1.0,1.0,1.0,1.0,1.0,0
sisifoitalia,,1.0,1.0,1.0,1.0,0
Dmdcatalunya,1.0,1.0,1.0,1.0,1.0,0
LucillaMasini,,1.0,1.0,1.0,1.0,0
LauraGgatti,1.0,1.0,0.9314402311199229,0.4081632653061225,0.8793348067710642,23.558577073247086
Silvio_Viale,1.0,1.0,1.0,1.0,1.0,0
MatcovichEnrico,,0.9678128683136531,0.15723566282038215,1.0,-1.0,100.0
MutiLeonilde,,1.0,1.0,1.0,1.0,0
March25Peru,,1.0,1.0,1.0,1.0,0
ElMismoPais,,1.0,1.0,1.0,1.0,0
giulioenrico,,0.9278250439188076,0.43004205841983445,0.0,-0.5655239125781119,28.276195628905594
lucianadias22,1.0,1.0,1.0,1.0,1.0,0
domenichiofalo,,1.0,0.9314402311199229,1.0,0.7943206933597687,10.283965332011563
antonia_mp_,1.0,1.0,1.0,1.0,1.0,0
fox_rino,,1.0,0.9657201155599615,1.0,0.8971603466798845,5.141982666005774
MilaniLucia,,1.0,1.0,1.0,1.0,0
nelsonnovaarrie,,1.0,1.0,1.0,1.0,0
Paternoster85,,1.0,0.0,0.0,-1.0,50.0
Crispal,,1.0,1.0,1.0,1.0,0
LupoMail,,1.0,1.0,1.0,1.0,0
BhJesusbh,,1.0,1.0,1.0,1.0,0
VanniPetrelli,,1.0,1.0,1.0,1.0,0
juancarralv,,1.0,1.0,1.0,1.0,0
es18681700,,0.9697258830401561,0.9446379916138691,0.6666666666666667,0.8944622087612955,11.389777104731436
Adnkronos,,1.0,1.0,1.0,1.0,0
KARALS_20,,1.0,1.0,1.0,1.0,0
Monaco_Leonardo,0.6834957437593674,0.9196528896309143,0.7259780568621217,0.5664393758956797,0.8716200448385574,15.259033447143883
gariduran,1.0,1.0,1.0,1.0,1.0,0
monicascapin77,,1.0,1.0,1.0,1.0,0
ProvaProvaSsa,,1.0,1.0,1.0,1.0,0
mercedescondes,1.0,1.0,1.0,1.0,1.0,0
AlessandraBare9,1.0,1.0,1.0,1.0,1.0,0
miguelaqp,1.0,1.0,1.0,1.0,1.0,0
GCappellazz,,0.9229807699152329,0.9685933431876839,0.9057327125988295,1.0,4.713364370058526
robanza1,1.0,1.0,1.0,1.0,1.0,0
P10paola,1.0,0.8338791982180959,0.8410944839020817,0.868121400219402,0.6405883068123498,11.37665467035261
jomasarod,1.0,1.0,1.0,1.0,1.0,0
lucaserafini4,1.0,1.0,1.0,1.0,1.0,0
bonfigliolimas2,0.5905689872626149,0.9027327787878199,0.754657085308386,1.0,1.0,0
monacobenkei,0.863522995754205,0.9553379304984425,0.8918000652583883,1.0,0.9573618067588018,2.131909662059911
mirkocavion,,1.0,1.0,1.0,1.0,0
vminyana,,1.0,1.0,1.0,1.0,0
DanieleC1974,,1.0,0.9697996927088441,1.0,0.9093990781265324,4.530046093673379
PratiCristian,1.0,1.0,1.0,1.0,1.0,0
AS3691,,1.0,1.0,1.0,1.0,0
RafTris,,1.0,1.0,1.0,1.0,0
katriinapa,,1.0,1.0,1.0,1.0,0
susibillingsley,,1.0,1.0,1.0,1.0,0
MatiaFundazioa,1.0,1.0,1.0,1.0,1.0,0
SIDEME_,1.0,1.0,1.0,1.0,1.0,0
melibarberor,,1.0,1.0,1.0,1.0,0
taglient8th,1.0,1.0,0.9876985607560403,-0.5,0.9783494669306307,73.91747334653154
ValoreSociale,,1.0,1.0,1.0,1.0,0
RamaLogui,,1.0,1.0,1.0,1.0,0
Claudia000811,,1.0,1.0,1.0,1.0,0
solidatus,,1.0,1.0,1.0,1.0,0
AndyGimnezRojas,,1.0,1.0,1.0,1.0,0
ana_verynera,1.0,1.0,1.0,1.0,1.0,0
Michele_Arnese,1.0,1.0,1.0,1.0,1.0,0
louisfornellist,1.0,1.0,1.0,1.0,1.0,0
es_Lala,,1.0,1.0,1.0,1.0,0
viktorvictorv,,1.0,1.0,1.0,1.0,0
Cruzza5,1.0,1.0,1.0,1.0,1.0,0
manyez,,1.0,1.0,1.0,1.0,0
brusalucia,0.29528470016496233,0.6677583964361917,0.8271039190131098,0.7362428004388039,1.0,13.187859978059807
manginobrioches,,1.0,0.993004717555514,1.0,0.9790141526665417,1.049292366672916
mlalanda,1.0,1.0,1.0,1.0,1.0,0
nocatcomunism,,1.0,1.0,1.0,1.0,0
CHACAO_FJD,,1.0,1.0,1.0,1.0,0
henryvvm,1.0,1.0,1.0,1.0,1.0,0
ADMD_63,1.0,1.0,1.0,1.0,1.0,0
Yaliangeles04,,1.0,1.0,1.0,1.0,0
tete_1724,,1.0,1.0,1.0,1.0,0
Benatprofe,1.0,1.0,1.0,1.0,1.0,0
Velociraptor_Pe,,1.0,1.0,1.0,1.0,0
redellerose,,1.0,1.0,1.0,1.0,0
MariaPintor2,,1.0,1.0,1.0,1.0,0
adeven,,1.0,0.9485801733399728,0.4081632653061225,0.8457405200199184,21.878862735689793
Malahe_8,,1.0,1.0,1.0,1.0,0
carlo1mc,1.0,1.0,1.0,1.0,1.0,0
jemolgui,1.0,1.0,1.0,1.0,1.0,0
acoda13,,0.9229807699152329,0.9188500489440375,0.8114654251976589,0.9105886070016471,4.956159090199414
glauco9000,,1.0,1.0,1.0,1.0,0
EspositoFilippo,,1.0,1.0,1.0,1.0,0
cgp1969,1.0,1.0,1.0,1.0,1.0,0
SimoneCernesi,,1.0,1.0,1.0,1.0,0
TomiKuosmanen,1.0,1.0,1.0,1.0,1.0,0
amaia_haikazti,,1.0,1.0,1.0,1.0,0
gianluca1960cim,,0.927825043912703,0.7132335700534885,-0.21678031205216014,0.2840506223350594,25.041546719360973
JoseAntonio_BG,,1.0,1.0,1.0,1.0,0
Agenzia_Ansa,1.0,1.0,1.0,1.0,1.0,0
akavetta,,-1.0,-1.0,-1.0,-1.0,0
MarcoTognini,1.0,1.0,1.0,1.0,1.0,0
rbaitg,1.0,1.0,1.0,1.0,1.0,0
AnicioBoezio,,1.0,1.0,1.0,1.0,0
ierogamos,,1.0,1.0,1.0,1.0,0
82lucar,,1.0,1.0,1.0,1.0,0
migartua12,,1.0,1.0,1.0,1.0,0
arawako,,1.0,1.0,1.0,1.0,0
GianCerrelli,1.0,1.0,1.0,1.0,1.0,0
FrancaFloris,1.0,1.0,1.0,1.0,1.0,0
parliamdidroghe,0.7764221520011908,0.9387367579061802,0.7381896114312985,0.5664393758956797,0.787043891432575,11.030225776844766
MariaDe42986117,1.0,1.0,1.0,1.0,1.0,0
CursosVeranoUCM,,1.0,1.0,1.0,1.0,0
jolandaire,1.0,1.0,1.0,1.0,1.0,0
SpettinatiPisa,,1.0,1.0,1.0,1.0,0
Abogada_Alfa,1.0,1.0,1.0,1.0,1.0,0
francescaacqua1,,1.0,1.0,1.0,1.0,0
LuisaIannelli,1.0,1.0,1.0,1.0,1.0,0
ritafrediani,1.0,0.8892527988120639,0.9364377935608328,0.9031070010970097,0.8349718600968563,3.4067570500076694
AdalucDe,,1.0,0.9828600577799808,1.0,0.9485801733399423,2.570991333002887
EutanaSiaLegale,0.5905688531381862,0.8660137914908443,0.6754001957744464,0.6387150353394322,0.8720855865872801,11.668527562392395
merycvidal01,,1.0,1.0,1.0,1.0,0
CARLAROSSICRF,,1.0,1.0,1.0,1.0,0
m_martinenghi,1.0,1.0,1.0,1.0,1.0,0
giannimacheda,1.0,1.0,1.0,1.0,1.0,0
Nicofre61,,0.6677583964361917,0.8206492410114096,0.868121400219402,1.0,6.593929989029901
GiuliaBelard,,1.0,1.0,1.0,1.0,0
beatric82620595,1.0,1.0,1.0,1.0,1.0,0
radioanchio,,1.0,1.0,1.0,1.0,0
SenatoriPD,1.0,1.0,0.8473486044457034,0.5289115646258504,0.7313335438244379,10.121098959929375
MaridaAlesi,1.0,1.0,1.0,1.0,1.0,0
IgnotoLugar,1.0,1.0,1.0,1.0,1.0,0
Rolfi39,1.0,1.0,0.46572011555996146,0.3707482993197279,0.059667403385532114,15.55404479670979
Storace,1.0,1.0,1.0,1.0,1.0,0
giandomenic45,1.0,1.0,1.0,1.0,1.0,0
vilmaparenti,1.0,1.0,1.0,1.0,1.0,0
ocramirog,1.0,1.0,1.0,1.0,1.0,0
encuentrosucm,,1.0,1.0,1.0,1.0,0
AndresruedaS,,1.0,1.0,1.0,1.0,0
CarmenGalindoH,1.0,1.0,1.0,1.0,1.0,0
MajuGomez,,1.0,1.0,1.0,1.0,0
ecocyberpunk,,1.0,1.0,1.0,1.0,0
Maria52963003,1.0,1.0,1.0,1.0,1.0,0
rioquilaco,1.0,1.0,1.0,1.0,1.0,0
terzavia,0.5905689872626149,0.9312796118067467,0.8451901568886817,1.0,1.0,0
Dairis_SuSu,,1.0,1.0,1.0,1.0,0
ancoraquasto,,1.0,1.0,1.0,1.0,0
PodemosBiar,,1.0,1.0,1.0,1.0,0
TrevisoCityWR,,0.9591578386095221,0.9199419828513904,0.876185203949235,0.841510271335127,1.7337466307054017
eljuridista,,1.0,1.0,1.0,1.0,0
NichiVendola,,1.0,0.9923646239175659,1.0,0.9770938717526976,1.1453064123651213
carmeniglesia2,,1.0,1.0,1.0,1.0,0
pdariogomez,,1.0,1.0,1.0,1.0,0
emanuelaneri14,,1.0,1.0,1.0,1.0,0
verolozman66,,1.0,1.0,1.0,1.0,0
AvyCandeli,0.5905689872626149,0.8955729002895447,0.7114819730841977,0.5664393758956797,0.9497777205615269,19.16691723329236
ROSARIOMZYO,1.0,1.0,1.0,1.0,1.0,0
lorena_cambiano,,1.0,1.0,1.0,1.0,0
Laakariliitto,,-1.0,1.0,1.0,1.0,0
lucky_mtl,1.0,1.0,1.0,1.0,1.0,0
gagliardi_andr,1.0,1.0,1.0,1.0,1.0,0
rolieban,1.0,1.0,1.0,1.0,1.0,0
MartaScattoni,-0.03804877085747427,0.17792406264383986,0.22739632260138784,-0.13187859978059807,0.5328015537107538,33.23400767456759
emato64,1.0,1.0,1.0,1.0,1.0,0
News_AP_,,1.0,1.0,1.0,1.0,0
antnqu,,0.9251320090837617,0.7475637503932303,0.5664393758956797,0.39242723301216753,8.70060714417561
mortileo,1.0,1.0,1.0,1.0,1.0,0
8x1000Valdese,1.0,1.0,1.0,1.0,1.0,0
maiteazules,1.0,1.0,1.0,1.0,1.0,0
gasterya,1.0,1.0,1.0,1.0,1.0,0
ilnibbioalto,0.5905689872626149,0.9303819335263631,0.8557409865420988,0.7832196879478399,1.0,10.839015602608004
denise_mazzola,,1.0,1.0,1.0,1.0,0
marghiadnsal,,1.0,0.9314402311199229,0.4081632653061225,0.7943206933597687,19.307871402682313
jeistiven,1.0,1.0,1.0,1.0,1.0,0
monicaclaudia09,,1.0,1.0,1.0,1.0,0
Noemi17325116,,0.8259092881561844,0.8957108569565446,0.7956812402535444,1.0,10.215937987322782
streghina62,,0.8955729002895447,0.7114819730841977,0.5664393758956797,0.34330011867350363,11.156962861108804
MFarreAlmacell,,1.0,1.0,1.0,1.0,0
cnt_ue,,1.0,1.0,1.0,1.0,0
Pietro_Firenze,,0.6677583964361917,0.6821889678041634,0.7362428004388039,0.7110501105401067,1.2596344949348581
PortoPar,,1.0,1.0,1.0,1.0,0
acistampa,,1.0,1.0,1.0,1.0,0
CleliaMussari,-0.20471550636869257,-0.06699310425233607,0.22513339859172166,0.6666666666666666,0.6179253193774876,2.43706736445895
bibder,,1.0,1.0,1.0,1.0,0
daniele19921,1.0,1.0,1.0,1.0,1.0,0
matasm11,,1.0,1.0,1.0,1.0,0
Avvenire_NEI,,1.0,1.0,1.0,1.0,0
AleRojasRosas,1.0,1.0,1.0,1.0,1.0,0
potraverde,,1.0,1.0,1.0,1.0,0
AlbertoManRiv,1.0,1.0,1.0,1.0,1.0,0
NandreaBeltran,1.0,1.0,1.0,1.0,1.0,0
PierPao21921186,,1.0,1.0,1.0,1.0,0
lando16856,,1.0,1.0,0.0,1.0,50.0
libellula58,,1.0,1.0,1.0,1.0,0
monagasbello,,1.0,1.0,1.0,1.0,0
Index_Research,,1.0,1.0,1.0,1.0,0
flaviafratello,-1.0,-1.0,-1.0,-1.0,-1.0,0
JustoAznarLucea,1.0,1.0,1.0,1.0,1.0,0
NoidiVidas,,1.0,1.0,1.0,1.0,0
StellaSirio60,1.0,1.0,1.0,1.0,1.0,0
parsanmart,1.0,1.0,1.0,1.0,1.0,0
giorgiabv,,1.0,1.0,1.0,1.0,0
SabrinaDR65,,1.0,1.0,0.0,1.0,50.0
nelpaeseit,,1.0,1.0,1.0,1.0,0
APatroniGriffi,,1.0,1.0,1.0,1.0,0
MarghareteTrevi,1.0,1.0,1.0,1.0,1.0,0
49mamie51,1.0,1.0,1.0,1.0,1.0,0
Mariaeu13,,1.0,1.0,1.0,1.0,0
carmellompart,1.0,1.0,1.0,1.0,1.0,0
IlariaPiperno,,1.0,1.0,1.0,1.0,0
Articolo1P,1.0,1.0,1.0,1.0,1.0,0
Massimilianosg3,,0.8259092881561844,0.9478554284782723,0.8978406201267721,1.0,5.107968993661394
menadasilva,1.0,1.0,1.0,1.0,1.0,0
derechoavivir,1.0,1.0,1.0,1.0,1.0,0
emi_sanna,0.5905689872626149,0.939682086994611,0.8023696290855945,1.0,1.0,0
GuerreraSultana,1.0,1.0,1.0,1.0,1.0,0
EuropaVentotene,,1.0,1.0,1.0,1.0,0
JuanjoVII,1.0,1.0,1.0,1.0,1.0,0
juanbasangulo,,1.0,1.0,1.0,1.0,0
MarcoVall8,,1.0,1.0,1.0,1.0,0
asun_velasco,,1.0,1.0,1.0,1.0,0
Agatirso81,,1.0,1.0,1.0,1.0,0
pirata_21,1.0,1.0,1.0,1.0,1.0,0
MariVillalba3,1.0,1.0,1.0,1.0,1.0,0
Dquijanoh,,1.0,1.0,1.0,1.0,0
anna_mattarelli,,0.8259092881561844,0.9652369523188482,0.7956812402535444,1.0,10.215937987322782
Fervabi,,1.0,1.0,1.0,1.0,0
gio_spagnuolo,,1.0,1.0,1.0,1.0,0
AntoniaCordedda,,0.9169133299044905,0.783402029068164,0.07355717704123818,0.5163794273955111,22.141112517713644
Alejocrawley,,1.0,1.0,1.0,1.0,0
_matteomartini_,,1.0,1.0,1.0,1.0,0
Maxbar65Massimo,,0.9278250439249123,0.8583683820215884,1.0,0.7194550582149406,14.02724708925297
contropiano,,1.0,1.0,1.0,1.0,0
vince_bryce,1.0,1.0,1.0,1.0,1.0,0
ilaborletti,1.0,0.9251320090837617,0.7475637503932303,1.0,0.5197755650522909,24.011221747385452
ginoruizmacia,,1.0,1.0,1.0,1.0,0
ANDREABE01,1.0,1.0,1.0,1.0,1.0,0
EvaGSempere,1.0,1.0,1.0,1.0,1.0,0
MariaAn79921955,,1.0,1.0,1.0,1.0,0
carloiannello,,1.0,1.0,1.0,1.0,0
hopegj87,1.0,1.0,1.0,1.0,1.0,0
nonegoziabili,1.0,1.0,1.0,1.0,1.0,0
electra1966,,0.9591578386095221,0.9253626635156291,0.876185203949235,0.8577723133278432,0.9206445310695921
ForzaEU,,0.9278250439249123,0.7167367640431768,1.0,0.29456020427970575,35.271989786014714
liviofiorillo,1.0,1.0,1.0,1.0,1.0,0
Manuel_Ghezzi,,-1.0,-1.0,-1.0,-1.0,0
Tempi_it,1.0,1.0,1.0,1.0,1.0,0
MuredduGiovanni,1.0,1.0,1.0,1.0,1.0,0
Kikkablues01,1.0,1.0,1.0,1.0,1.0,0
57Davide,,1.0,0.8918000652587167,1.0,0.6754001957761501,16.229990211192497
CenalbeCo,1.0,1.0,1.0,1.0,1.0,0
antonio_salvati,,1.0,1.0,1.0,1.0,0
franco56939151,1.0,1.0,1.0,1.0,1.0,0
24OreSanita,1.0,1.0,1.0,1.0,1.0,0
michelecocomazz,1.0,1.0,1.0,1.0,1.0,0
MassimoBertoni3,1.0,1.0,1.0,1.0,1.0,0
amrugar,,1.0,1.0,1.0,1.0,0
JoseHinojosaCob,,1.0,1.0,1.0,1.0,0
CarloSantaroni,0.7764221520011908,0.9523415067285986,0.8516706089438502,0.7853348922534723,0.9933007264894271,10.398291711797741
ulisesbetania,,1.0,1.0,1.0,1.0,0
FedPiana,,1.0,1.0,1.0,1.0,0
bravorubendario,,1.0,1.0,1.0,1.0,0
carmelaricov,1.0,1.0,1.0,1.0,1.0,0
ardigiorgio,1.0,1.0,1.0,1.0,1.0,0
CampoProg,1.0,1.0,1.0,1.0,1.0,0
yomismaconcha,,1.0,1.0,1.0,1.0,0
VeliHolopainen,1.0,1.0,1.0,1.0,1.0,0
sandroascoli,,1.0,1.0,1.0,1.0,0
projectguevarap,1.0,1.0,1.0,1.0,1.0,0
fradepal,1.0,1.0,1.0,1.0,1.0,0
disabile1968,1.0,1.0,1.0,1.0,1.0,0
Katoenmarche,1.0,1.0,1.0,1.0,1.0,0
araydulama,1.0,1.0,1.0,1.0,1.0,0
mariatecaste,1.0,1.0,1.0,1.0,1.0,0
josebl7,,1.0,1.0,1.0,1.0,0
marcella_origgi,,1.0,0.9657201155599615,0.4081632653061225,0.8971603466798845,24.4498540686881
BrunoCarrillo,,1.0,1.0,1.0,1.0,0
fitzkarraldo5,,0.8660137914953279,0.675400195775165,1.0,0.29417300433483917,35.29134978325804
kdlehti,1.0,1.0,1.0,1.0,1.0,0
FondazioneSR,1.0,1.0,1.0,1.0,1.0,0
tomaurora1,1.0,1.0,1.0,1.0,1.0,0
AndreaDinotto,1.0,1.0,1.0,1.0,1.0,0
marpilcor,,1.0,1.0,1.0,1.0,0
Jvero74,,1.0,1.0,1.0,1.0,0
bellalilli16,1.0,1.0,0.984899846354606,1.0,0.9734237295841066,1.3288135207946694
donhectorhugo,,1.0,1.0,1.0,1.0,0
calderin2010,,1.0,1.0,1.0,1.0,0
pachecoemili,,1.0,1.0,1.0,1.0,0
CelliLuana,1.0,1.0,1.0,1.0,1.0,0
nataliar68,,1.0,1.0,1.0,1.0,0
maluechavez,,1.0,1.0,1.0,1.0,0
mauro28tolo,,1.0,1.0,1.0,1.0,0
mara31gbarcenas,,1.0,1.0,1.0,1.0,0
scandura,-1.0,-1.0,-1.0,1.0,-1.0,100.0
BozzaLbozza412,,1.0,1.0,1.0,1.0,0
cuadrado17,,1.0,1.0,1.0,1.0,0
lidiarosc,,1.0,1.0,1.0,1.0,0
bacicciarossi,1.0,1.0,1.0,1.0,1.0,0
Zeronegativo73,,0.9330068957476639,0.8377000978875825,1.0,0.6470865021674197,17.645674891629014
debician,,1.0,1.0,1.0,1.0,0
IleanaArgentin,,1.0,1.0,1.0,1.0,0
marconipop,,1.0,1.0,1.0,1.0,0
LucianaCiolfi,,1.0,1.0,1.0,1.0,0
MaricelCuellaS1,,1.0,1.0,1.0,1.0,0
emigaglia,,1.0,1.0,1.0,1.0,0
lila29cha,,1.0,1.0,1.0,1.0,0
Contrappuntinfo,1.0,1.0,1.0,1.0,1.0,0
AriannaTur,,-1.0,-1.0,-1.0,-1.0,0
fabiovalenza,,0.927825043912703,0.8531571767685829,1.0,0.7038214424803431,14.808927875982846
iraidarojas98,1.0,1.0,1.0,1.0,1.0,0
cachu1328,,1.0,1.0,1.0,1.0,0
MParkkila,,-1.0,1.0,1.0,1.0,0
mauriziofabi99,,1.0,1.0,1.0,1.0,0
ottogattotto,,1.0,1.0,1.0,1.0,0
APOCALISSE64,,1.0,1.0,1.0,1.0,0
maurazamir,,1.0,1.0,1.0,1.0,0
EstherDiHon,,1.0,1.0,1.0,1.0,0
alessandrabenci,,0.9678128683136531,0.7549702244179696,0.7721312289922457,0.3292849366266025,22.14231461828216
FederSerra,0.7764221520011908,0.9523415067285986,0.7288154724693666,0.5289115646258504,0.7770756862943361,12.408206083424284
rbSpezia,,1.0,1.0,1.0,1.0,0
IsidoroGottardo,,1.0,1.0,1.0,1.0,0
AnaOmkin,,1.0,1.0,1.0,1.0,0
forumlibertas,1.0,1.0,1.0,1.0,1.0,0
MaggicaPolly,1.0,1.0,1.0,1.0,1.0,0
DanieleLorenze2,,1.0,1.0,1.0,1.0,0
lauragilli65,0.5905689872626149,0.9554060440831359,0.8380593350986137,0.8422635130509625,1.0,7.886824347451876
tabarneslibre,1.0,1.0,1.0,1.0,1.0,0
DiocesisPei,,1.0,1.0,1.0,1.0,0
AndraMoiEnepemu,,1.0,1.0,1.0,1.0,0
ivanalealini,1.0,1.0,1.0,1.0,1.0,0
martalgarces,,1.0,1.0,1.0,1.0,0
CletoEstense,,0.9591578386095221,0.9199419828513904,1.0,0.841510271335127,7.924486433243649
chiaberger,1.0,1.0,1.0,1.0,1.0,0
ChavezMariaT1,,1.0,1.0,1.0,1.0,0
VKN07,,1.0,1.0,1.0,1.0,0
fraurolo121,0.5905689872626149,0.8660137914953279,0.9459000326291941,0.6666666666666666,1.0,16.666666666666668
fflaccomio,0.5905689872626149,0.8660137914953279,0.675400195775165,1.0,0.8720854202764052,6.395728986179739
MoebiusTraining,1.0,1.0,1.0,1.0,1.0,0
Val_Gentili,,1.0,1.0,1.0,1.0,0
pigi02,1.0,1.0,1.0,1.0,1.0,0
EDUARDOBONILL11,1.0,1.0,1.0,1.0,1.0,0
jncmexmia,,1.0,1.0,1.0,1.0,0
ElenaMaccolini,1.0,1.0,1.0,1.0,1.0,0
MELONEDAVIDE,,1.0,1.0,1.0,1.0,0
GraziaRegina,0.5905689872626149,0.9397396672231857,0.435586834117273,-1.0,0.4854023241078871,74.27011620539436
elentirvigo,1.0,1.0,1.0,1.0,1.0,0
antoniettabono1,1.0,1.0,1.0,1.0,1.0,0
sickfleur84,,0.6677583964361917,0.6821889678041634,0.7362428004388039,0.7110501105401067,1.2596344949348581
ljmarta,,1.0,1.0,1.0,1.0,0
grisugattone,,1.0,1.0,1.0,1.0,0
ReTwitStorm_ita,,1.0,0.9998750842420776,1.0,0.9996252527262328,0.01873736368835921
2Luminez,,1.0,1.0,1.0,1.0,0
BGVTBO,,-1.0,-1.0,-1.0,-1.0,0
UnaManuACaso,,1.0,1.0,1.0,1.0,0
MayteLozanoRub1,,1.0,1.0,1.0,1.0,0
mattinodipadova,1.0,1.0,1.0,1.0,1.0,0
RassegnaZampa,,1.0,1.0,1.0,1.0,0
Penidala,,1.0,1.0,1.0,1.0,0
JoseCaceda1,1.0,1.0,1.0,1.0,1.0,0
Kikekom,,1.0,1.0,1.0,1.0,0
Landyshoo,,1.0,1.0,1.0,1.0,0
politicacero29,,1.0,1.0,1.0,1.0,0
Millakisu,,1.0,1.0,1.0,1.0,0
orlan_rs,,1.0,1.0,1.0,1.0,0
giaky_cr9,,0.9678128683136531,0.7549702244179696,0.5442624579844915,0.3292849366266025,10.748876067894447
JanLopez99,,1.0,1.0,1.0,1.0,0
rossi20_rossi,,1.0,1.0,1.0,1.0,0
Samuel_Bertozzi,,1.0,1.0,1.0,1.0,0
Rosasimancas,,1.0,1.0,1.0,1.0,0
PATRIZIA953,,1.0,1.0,1.0,1.0,0
giancarlomola,,1.0,1.0,1.0,1.0,0
AOstrouska,,1.0,1.0,0.16666666666666666,1.0,41.66666666666667
PsicologiLazio,,1.0,1.0,1.0,1.0,0
MarescaCarlo,,0.797791720180552,0.7643779356031472,0.8062140021940194,0.6975503664483375,5.433181787284097
lamarea_com,,1.0,1.0,1.0,1.0,0
Alcofibras77,1.0,1.0,1.0,1.0,1.0,0
alessiolasta,,0.8259092881561844,0.8957108569565446,0.7956812402535444,1.0,10.215937987322782
seba8101996,,1.0,1.0,1.0,1.0,0
portusanidad,,1.0,1.0,1.0,1.0,0
minarompa,1.0,1.0,1.0,1.0,1.0,0
70giovanni,,1.0,1.0,1.0,1.0,0
fisionines,1.0,1.0,1.0,1.0,1.0,0
juanjonieto79,1.0,1.0,1.0,1.0,1.0,0
FCBalletTheatre,,0.8259092881561844,0.8957108569565446,0.7956812402535444,1.0,10.215937987322782
gabrielepx,1.0,1.0,1.0,0.42857142857142855,1.0,28.57142857142857
jmgarciavazquez,,1.0,1.0,1.0,1.0,0
AngelaAngelmi,1.0,1.0,1.0,1.0,1.0,0
rgonzalezco,1.0,1.0,1.0,1.0,1.0,0
likifumei,,1.0,1.0,1.0,1.0,0
faustacu,,1.0,1.0,1.0,1.0,0
jramonfernandez,,1.0,1.0,1.0,1.0,0
AvvocatoDeMarco,0.5905689872626149,0.9330068957476639,0.8034202134475439,-0.1806424823302839,1.0,59.0321241165142
marinapiva67,0.5905689872626149,0.8660137914953279,0.675400195775165,0.3333333333333333,0.8720854202764052,26.9376043471536
Morenozagor,,0.9678128683136531,0.7549702244179696,0.5442624579844915,0.3292849366266025,10.748876067894447
luis_lalupu,,1.0,1.0,1.0,1.0,0
andreadeluca86,1.0,1.0,1.0,1.0,1.0,0
tayvs15,,1.0,1.0,1.0,1.0,0
estherm_2014,,1.0,1.0,1.0,1.0,0
sinagogadesatan,,1.0,1.0,1.0,1.0,0
JavierdeCaceres,,1.0,1.0,1.0,1.0,0
IvoMalaguti,,1.0,0.9657201155599615,0.0,0.8971603466798845,44.858017333994226
anthos_04,1.0,1.0,1.0,1.0,1.0,0
Cinasky5,0.7952844936313075,0.9351551858585466,0.8364380568722574,1.0,0.9348526972044542,3.2573651397772907
LuisReneGuzman2,1.0,1.0,1.0,1.0,1.0,0
PravatoSilvano,,1.0,0.9465190523954724,0.7005979668895665,0.8395571571864175,6.94795951484255
Miowid53A,1.0,1.0,1.0,1.0,1.0,0
PARISTIDESJR,1.0,1.0,1.0,1.0,1.0,0
Carmenciaramel,0.29528470016496233,0.6677583964361917,0.6821889678041634,0.7362428004388039,1.0,13.187859978059807
mauro8100,1.0,1.0,1.0,1.0,1.0,0
luisaloffredo28,1.0,1.0,1.0,-1.0,1.0,100.0
Protestantesimo,1.0,1.0,1.0,1.0,1.0,0
giuseppesfrego2,1.0,1.0,1.0,1.0,1.0,0
domenicoditell1,,1.0,1.0,1.0,1.0,0
nakisady,,1.0,1.0,1.0,1.0,0
PaolaTaufer,,1.0,1.0,1.0,1.0,0
XMadariagaI,,1.0,1.0,1.0,1.0,0
resisting_00,,1.0,1.0,1.0,1.0,0
luigic64,1.0,0.9220570286000442,0.8907185844822176,0.9341348252391531,0.7702520824167243,8.194137141121443
AlbertoDoria5,,1.0,1.0,1.0,1.0,0
donatellafulvia,,1.0,1.0,1.0,1.0,0
lah2711,1.0,1.0,1.0,1.0,1.0,0
pvictorsalomon,,1.0,1.0,1.0,1.0,0
il_Conte78,,1.0,0.9158545834644101,0.909678758834858,0.7475637503932302,8.105750422081393
martinagentil9,,1.0,1.0,1.0,1.0,0
ArthurRSob,,1.0,1.0,1.0,1.0,0
NFratoianni,,1.0,0.992364623917557,1.0,0.9770938717526709,1.1453064123664536
dhlopez,,1.0,1.0,1.0,1.0,0
paolariccardi83,1.0,1.0,1.0,1.0,1.0,0
Franci_Bartali,,0.8259092881561844,0.8957108569565446,0.7956812402535444,1.0,10.215937987322782
cafedenocheAP,1.0,1.0,1.0,1.0,1.0,0
JBCPERU,1.0,1.0,1.0,1.0,1.0,0
colegiobioetica,1.0,1.0,1.0,1.0,1.0,0
carlospadua11,,1.0,1.0,1.0,1.0,0
Vannini2016,,0.9251320090903875,0.7475637503938255,1.0,0.3924272330007015,30.378638349964927
roxanapabla1,,1.0,1.0,1.0,1.0,0
cogio73,,1.0,1.0,1.0,1.0,0
StefaniaNonno,0.5905689872626149,0.9330068957476639,0.8341779916037333,0.7832196879478399,1.0,10.839015602608004
isagasti,,1.0,1.0,1.0,1.0,0
riccio_echinus,0.7889970464212687,0.9394517660746423,0.8339139748411136,0.8968906159332438,0.9402691058738153,2.1689244970285735
Nohemidfigueroa,,1.0,1.0,1.0,1.0,0
maru_tadeo,,1.0,1.0,1.0,1.0,0
ferne1908,1.0,1.0,1.0,1.0,1.0,0
JenniVirtanen,,1.0,1.0,1.0,1.0,0
inma1496,1.0,1.0,1.0,1.0,1.0,0
Carmen453,1.0,1.0,1.0,1.0,1.0,0
Trinida87046152,,1.0,1.0,1.0,1.0,0
ArabaFeni,,0.9591578386095221,0.9199419828513904,0.876185203949235,0.841510271335127,1.7337466307054017
angela_roveda,-1.0,0.9678128683136531,0.8774851122089848,0.8480874859948305,1.0,7.5956257002584735
macades564,1.0,1.0,1.0,1.0,1.0,0
smrf50,,1.0,1.0,1.0,1.0,0
giorgiogaias92,0.7952844936313075,0.8973076932171707,0.8927777631829273,0.8978406201267721,1.0,5.107968993661394
antoniomichel25,1.0,1.0,1.0,1.0,1.0,0
FranceManto64,,1.0,1.0,1.0,1.0,0
mlFalcinelli,1.0,1.0,1.0,1.0,1.0,0
Mania48Mania53,,1.0,1.0,1.0,1.0,0
cominif,,0.9839064341568265,0.8774851122089848,0.8480874859948305,0.6646424683133014,9.172250884076455
TizianadeFeo,,1.0,1.0,1.0,1.0,0
giobbeling,1.0,1.0,1.0,1.0,1.0,0
RobertoZucchi11,,1.0,1.0,1.0,1.0,0
Ghigliottina,,1.0,1.0,1.0,1.0,0
giulianofalco,,1.0,1.0,1.0,1.0,0
RamirezMariuxi,,1.0,1.0,1.0,1.0,0
NikiBarba,,0.6677583964361917,0.9205472419510409,0.7362428004388039,1.0,13.187859978059807
BenecomuneNet,1.0,1.0,1.0,1.0,1.0,0
Mariaperezpere,,1.0,1.0,1.0,1.0,0
KDpuolue,1.0,1.0,1.0,1.0,1.0,0
chiara_amt,,1.0,1.0,1.0,1.0,0
paupulkkinen,,-1.0,1.0,1.0,1.0,0
MiyakeEau,0.5905692120172735,0.9553379305009191,1.0,-0.3333333333333333,1.0,66.66666666666666
SergioLegram,,1.0,1.0,1.0,1.0,0
afdmd,1.0,1.0,1.0,1.0,1.0,0
agspagnolo,1.0,1.0,1.0,1.0,1.0,0
Pax_Liber,,1.0,1.0,1.0,1.0,0
Deputatipd,,1.0,1.0,0.2857142857142857,1.0,35.714285714285715
MediaNarodoweMN,,1.0,1.0,1.0,1.0,0
karmelafranga,,1.0,1.0,1.0,1.0,0
MireyaFitzger14,,1.0,1.0,1.0,1.0,0
SHIELD73,,1.0,1.0,1.0,1.0,0
sacchetico,,1.0,1.0,1.0,1.0,0
DorannaD,,0.8955729002895447,0.7114819730841977,0.948445307966622,0.34330011867350363,30.257259464655917
eucervo,,1.0,1.0,1.0,1.0,0
carrarofabio69,0.7858535531323783,0.9678128683136531,0.9183234081393232,1.0,1.0,0
NicoliniNadia,,1.0,0.31970317140621857,1.0,-1.0,100.0
SONOSOPHIA,,1.0,1.0,1.0,1.0,0
julianhh2001,1.0,1.0,1.0,1.0,1.0,0
MaterBi_it,,1.0,1.0,1.0,1.0,0
mortozombie,1.0,1.0,1.0,1.0,1.0,0
Madridasco1,,1.0,1.0,1.0,1.0,0
Mery01267484,1.0,1.0,0.9314402311199229,1.0,0.8793348067710642,6.033259661446788
AversaSolidale,1.0,1.0,1.0,1.0,1.0,0
Gio_Orme,,1.0,1.0,1.0,1.0,0
kokeconde,1.0,1.0,1.0,1.0,1.0,0
asuddipaperino,0.7952844936313075,0.892622745978392,0.8060803861467599,0.5819538824839796,0.8610076255851045,13.952687155056243
CuadraUni,,1.0,1.0,1.0,1.0,0
VictorAurel,,1.0,0.0,-1.0,-1.0,0
deiGuildiverni,,1.0,1.0,-1.0,1.0,100.0
anticonamurillo,1.0,1.0,1.0,1.0,1.0,0
mvf9283,,1.0,1.0,1.0,1.0,0
clarissa_gmai,0.8882112501280599,1.0,1.0,0.5,1.0,25.0
Maria_Piera,,1.0,1.0,1.0,1.0,0
hastaelmonyoooo,,1.0,1.0,1.0,1.0,0
GranujarOliver1,1.0,1.0,1.0,1.0,1.0,0
planetpaul65,,1.0,1.0,1.0,1.0,0
eli4008,,1.0,1.0,1.0,1.0,0
BonoraGabriella,,0.8259092881561844,0.8957108569565446,0.9318937467511814,1.0,3.405312662440929
efrantirise,,0.9614299492362871,0.9566893960447983,1.0,0.9472082896618209,2.639585516908954
P_OSCARG,,1.0,1.0,1.0,1.0,0
ADN_Bolivariano,,1.0,1.0,1.0,1.0,0
soalmila,1.0,1.0,1.0,1.0,1.0,0
LauraCarrese,1.0,1.0,0.75,1.0,0.56,21.999999999999996
Domingo_777,,1.0,1.0,1.0,1.0,0
SusanaGarbarin6,,1.0,1.0,1.0,1.0,0
ntoniom72,1.0,1.0,1.0,1.0,1.0,0
DaniloSpanu,,1.0,1.0,1.0,1.0,0
outsidersguia,1.0,1.0,1.0,1.0,1.0,0
Maddyosteo,,1.0,0.9314402311199229,0.7040816326530612,0.7943206933597687,4.511953035335376
lilasart,,0.8259092881561844,0.9652369523188482,0.8978406201267721,1.0,5.107968993661394
RapoMarco,,1.0,1.0,1.0,1.0,0
DinamitaHumeda,,1.0,1.0,1.0,1.0,0
ricquattro,0.7764221520011908,0.9523415067285986,0.7288154724693666,0.6906718477997315,0.7770756862943361,4.320191924730232
maira_cedu,,1.0,1.0,1.0,1.0,0
drvigon,,1.0,1.0,1.0,1.0,0
fiordisale,1.0,1.0,1.0,1.0,1.0,0
lucapennati,1.0,1.0,1.0,1.0,1.0,0
Silviax14ok,,1.0,1.0,1.0,1.0,0
giulianofelluga,,0.8259092881561844,0.8957108569565446,0.7956812402535444,1.0,10.215937987322782
tenientenegro,,1.0,1.0,1.0,1.0,0
borghigiana,,1.0,0.0,0.0,-1.0,50.0
labettyle_betty,,1.0,1.0,1.0,1.0,0
venezolanocomum,,1.0,1.0,1.0,1.0,0
MovimentoSEL,1.0,1.0,1.0,1.0,1.0,0
IARETUSA,1.0,1.0,1.0,1.0,1.0,0
uaarbologna,,1.0,1.0,1.0,1.0,0
SaloneEdSociale,,1.0,1.0,1.0,1.0,0
Andgasperini,,1.0,0.9174910467888562,1.0,0.7524731403665685,12.376342981671574
mgmalacrida,,0.9251320090903875,0.7475637503938255,1.0,0.3924272330007015,30.378638349964927
marlenasanta,,0.939451766080312,0.74026538123392,1.0,0.34189261154113615,32.905369422943195
billa_silvia,,1.0,0.9860094351100139,1.0,0.9580283053300418,2.09858473349791
RosalbaPerini,1.0,0.9761707533642994,0.8644077362346834,1.0,0.7499195773879064,12.50402113060468
Crazy_Med_,,1.0,1.0,1.0,1.0,0
stanzaselvaggia,,0.8259092881561844,0.8957108569565446,0.7956812402535444,1.0,10.215937987322782
gaejimmy,,1.0,1.0,1.0,1.0,0
massimo_avv,1.0,1.0,1.0,1.0,1.0,0
vnewsit,1.0,1.0,1.0,1.0,1.0,0
alzgdl,,1.0,1.0,1.0,1.0,0
Virus1979C,,0.9625660045418809,0.9358007963026307,1.0,0.8822703798241303,5.886481008793487
egoJarp,,1.0,1.0,1.0,1.0,0
BrigitteRomano,,0.8259092881561844,0.8957108569565446,0.7956812402535444,1.0,10.215937987322782
BersaniLeda,,0.9251320090903875,0.7475637503938255,1.0,0.3924272330007015,30.378638349964927
nev_it,1.0,1.0,1.0,1.0,1.0,0
tereirodriguez,,1.0,1.0,1.0,1.0,0
Mundo_ECpe,1.0,1.0,1.0,1.0,1.0,0
Kokoomus_Hki,,1.0,1.0,1.0,1.0,0
Marilena_Vinci,,1.0,1.0,1.0,1.0,0
mariopreza7,1.0,1.0,1.0,1.0,1.0,0
EdiGirolami,,1.0,1.0,0.0,1.0,50.0
MirfetPiccolo,1.0,1.0,1.0,1.0,1.0,0
LaFrancaEffe,1.0,1.0,1.0,1.0,1.0,0
YoJoseA,,1.0,1.0,1.0,1.0,0
MatteoMainardi,1.0,1.0,0.8218619697631686,0.8605364352668967,0.6864770667831767,8.702968424186002
horadeverdad,,1.0,1.0,1.0,1.0,0
elisabettafaval,,1.0,1.0,1.0,1.0,0
giraldo_ale,,1.0,1.0,1.0,1.0,0
roximom56,,1.0,1.0,1.0,1.0,0
FAnselmoLorenzo,,1.0,1.0,1.0,1.0,0
xabier2013,0.43467421131696427,0.4182607205589576,0.4283083925133721,0.125,0.41559189465879876,14.529594732939938
Orizzontiverdi,,1.0,1.0,1.0,1.0,0
VIGILGHUGO,1.0,1.0,1.0,1.0,1.0,0
rogofe47Chile,,1.0,1.0,1.0,1.0,0
simonaumberta,1.0,1.0,1.0,1.0,1.0,0
I_LOVE_RT_ALL,,1.0,1.0,1.0,1.0,0
ericcoacosta,1.0,1.0,1.0,1.0,1.0,0
avalbruccioli,1.0,1.0,0.8377000978875825,-1.0,0.7143521722821455,85.71760861410728
CallMePollyanne,,0.9251320090837617,0.7475637503932303,0.5664393758956797,0.39242723301216753,8.70060714417561
testamentobio,0.7952844936313075,0.9614739024858906,0.9307833441796663,0.963540716022531,1.0,1.8229641988734502
OrsoBufalo,,-1.0,-1.0,-1.0,-1.0,0
menica2,,1.0,0.5,0.3333333333333333,-0.5,41.666666666666664
Dantona2,,1.0,1.0,1.0,1.0,0
MagliocchettiM,,1.0,1.0,1.0,1.0,0
matteocannito,1.0,0.922980769912878,0.5643432714060861,0.12070687204974136,0.19627492723289297,3.7784027591575806
silverio15,,1.0,1.0,1.0,1.0,0
mfasgiud,,0.9678128683136531,0.7151852100965672,0.5442624579844915,0.20992989366239545,16.7166282161048
pmurciasureste,,1.0,1.0,1.0,1.0,0
chiesa_stefano,,1.0,1.0,1.0,1.0,0
RaulFilosof,,1.0,1.0,1.0,1.0,0
Savelli_Antonio,0.5905692120172735,0.9553379305009191,0.9795547571093279,1.0,1.0,0
Minamarieke,,1.0,1.0,1.0,1.0,0
juansaesp,1.0,1.0,1.0,1.0,1.0,0
antonluca_cuoco,,1.0,1.0,1.0,1.0,0
RhamonJaner,,1.0,1.0,1.0,1.0,0
amalia_campo,,1.0,1.0,1.0,1.0,0
enfermera2pto0,,1.0,1.0,1.0,1.0,0
PodemosRnorte,,1.0,1.0,1.0,1.0,0
ve_Viri,1.0,1.0,1.0,1.0,1.0,0
lavandojato,1.0,1.0,1.0,1.0,1.0,0
PiazzapulitaLA7,,0.8259092881549835,0.895710856956428,0.7956812402535444,1.0,10.215937987322782
battaglia_persa,1.0,1.0,1.0,1.0,1.0,0
semingro,0.5905689872626149,0.8660137914953279,0.7259780568621217,0.5664393758956797,0.961102455789449,19.73315399468846
GioBreg,1.0,1.0,1.0,1.0,1.0,0
Omantini,1.0,1.0,0.8473486044457209,0.7644557823129252,0.7313335438244688,1.6561119244228206
lennamakeup,,1.0,1.0,1.0,1.0,0
Roc_and_Roll,,0.9839064341568265,0.2288034851792975,-1.0,-1.0,0
GloriaMaria_T,,1.0,1.0,1.0,1.0,0
Kanguronightly,,1.0,1.0,1.0,1.0,0
IdeasdeRebelion,,1.0,1.0,1.0,1.0,0
Elygabrysabry1,,1.0,1.0,1.0,1.0,0
veronicariera1,,0.9251320090837617,0.7475637503932303,-1.0,0.39242723301216753,69.62136165060838
sadamaioria,,1.0,1.0,1.0,1.0,0
madrenovelera,,1.0,1.0,1.0,1.0,0
LariosTaboada,1.0,1.0,1.0,1.0,1.0,0
matteoburico,1.0,1.0,0.8034202134475439,0.6387150353394322,0.6540195756676771,0.7652270164122454
inocencio_gil,,1.0,1.0,1.0,1.0,0
silvanhoe,,1.0,1.0,1.0,1.0,0
Stefano95172092,0.5905689872626149,0.8660137914953279,0.675400195775165,0.7362428004388039,0.8720854202764052,6.792130991880069
ArtBeatIdeas,,1.0,1.0,1.0,1.0,0
aliomp,1.0,1.0,1.0,1.0,1.0,0
AMAPACI_SanSe,1.0,1.0,1.0,1.0,1.0,0
DelsantoRaf,,1.0,1.0,1.0,1.0,0
mgiuscaffagnini,1.0,1.0,1.0,1.0,1.0,0
Bianca_Vidal_,,1.0,1.0,1.0,1.0,0
Agenzia_Italia,,1.0,1.0,1.0,1.0,0
RobertaRobertam,,1.0,1.0,1.0,1.0,0
Malcarabel,,1.0,1.0,1.0,1.0,0
pensierozoppo,1.0,1.0,1.0,1.0,1.0,0
_infoLibre,,1.0,1.0,1.0,1.0,0
PedroMillaO,,1.0,1.0,1.0,1.0,0
LaPorres,1.0,1.0,1.0,1.0,1.0,0
rorato_andrea,,1.0,1.0,1.0,1.0,0
_ehodettotutto,,0.927825043912703,0.7167367639920702,0.3333333333333333,0.2945602041508045,1.9386564591264395
giacomozt,,1.0,1.0,1.0,1.0,0
gibergantin,,1.0,1.0,1.0,1.0,0
susanna769,,0.9625660045418809,0.8557409865423451,0.7832196879478399,0.6420909505432735,7.056436870228322
cloeg49,1.0,1.0,1.0,1.0,1.0,0
magnomiche,0.7764221520011908,0.9523415067285986,0.7288154724693666,0.6906718477997315,0.7770756862943361,4.320191924730232
kuliscioff,,1.0,1.0,1.0,1.0,0
KARAGOONIES,,1.0,1.0,1.0,1.0,0
ACazzeggio,1.0,1.0,1.0,1.0,1.0,0
DavidGarcaHern2,1.0,1.0,1.0,1.0,1.0,0
AndreBellins,1.0,1.0,1.0,1.0,1.0,0
EnriqueMirabet,,1.0,1.0,1.0,1.0,0
MarcG_69,-1.0,-1.0,0.7142857142857143,1.0,1.0,0
vimorava,1.0,1.0,1.0,1.0,1.0,0
martitadelgad,,1.0,1.0,1.0,1.0,0
egarzher,,1.0,1.0,1.0,1.0,0
PviLe,,-1.0,1.0,1.0,1.0,0
alice_561,,1.0,1.0,1.0,1.0,0
ejepaliativos,1.0,1.0,1.0,1.0,1.0,0
BoniniPa,,1.0,1.0,1.0,1.0,0
cesarebrogi1,,1.0,0.991626107984915,0.3333333333333333,0.974878323954745,32.077249531070585
emmecola,,0.8660137914953279,0.675400195775165,-1.0,0.29417300433483917,64.70865021674196
fulviasmart,,1.0,1.0,1.0,1.0,0
lacuradeltempo,,1.0,1.0,1.0,1.0,0
patrizia_marra,,0.8259092881561844,0.8957108569565446,0.7956812402535444,1.0,10.215937987322782
Gi_Gi_TO,1.0,1.0,1.0,1.0,1.0,0
CosasmiasA,,1.0,1.0,1.0,1.0,0
AnonimusCR,,1.0,1.0,1.0,1.0,0
jacopo_lanza,,1.0,1.0,1.0,1.0,0
BbCaulfield,0.5905689872626149,0.8660137914953279,0.7114819730844952,0.2989635386444146,0.9355893483408264,31.83129048482059
FraViolaRosso,,1.0,1.0,1.0,1.0,0
Leggilenuvole,1.0,1.0,1.0,1.0,1.0,0
vittorio_b01,1.0,1.0,1.0,1.0,1.0,0
GIULIOCAVALLI4,,1.0,1.0,1.0,1.0,0
dorinadeli,,0.8259092881561844,0.8957108569565446,0.7956812402535444,1.0,10.215937987322782
jacopogiliberto,,1.0,1.0,1.0,1.0,0
caldarolaf,-1.0,-1.0,-1.0,-1.0,-1.0,0
UILDMnazionale,,1.0,1.0,1.0,1.0,0
oliviacozzani,,1.0,1.0,1.0,1.0,0
jcarlos2312,1.0,1.0,1.0,1.0,1.0,0
Cesar_TD,,1.0,1.0,1.0,1.0,0
soleteolayo,,1.0,1.0,1.0,1.0,0
FanClubMGiletti,,0.8259092881561844,0.8957108569565446,0.7956812402535444,1.0,10.215937987322782
degaragorri,,1.0,1.0,1.0,1.0,0
onlyrocknrose,,1.0,1.0,1.0,1.0,0
AcupuntorMedico,1.0,1.0,1.0,1.0,1.0,0
ninfasia,,1.0,1.0,1.0,1.0,0
CcarvajalA2012,,1.0,1.0,1.0,1.0,0
dbetterworld,1.0,1.0,1.0,1.0,1.0,0
trilly153,,1.0,1.0,1.0,1.0,0
MarilenaAll,,1.0,1.0,1.0,1.0,0
Manu34949345,,1.0,1.0,1.0,1.0,0
iarsuaga,,1.0,1.0,1.0,1.0,0
sara_iafelice,,0.875520648619973,0.8216373036748874,0.7956812402535444,0.7138706137847162,4.09053132344141
selmabellomo,,1.0,1.0,1.0,1.0,0
clmmrt75,,1.0,1.0,1.0,1.0,0
berry_boh,,0.9678128683136531,0.7549702244179696,0.5442624579844915,0.3292849366266025,10.748876067894447
conci66aa,,1.0,1.0,1.0,1.0,0
bepuppy,1.0,1.0,1.0,1.0,1.0,0
diegoramosflor,1.0,1.0,1.0,1.0,1.0,0
EskolaTHL,,-1.0,1.0,1.0,1.0,0
RebecccaAguilar,,1.0,1.0,1.0,1.0,0
anabue,,1.0,1.0,1.0,1.0,0
_grazai_,,1.0,1.0,1.0,1.0,0
LisQue2,,1.0,1.0,1.0,1.0,0
hele_fr,1.0,1.0,1.0,1.0,1.0,0
AMPekkola,1.0,1.0,1.0,1.0,1.0,0
RobVicaretti,,1.0,1.0,1.0,1.0,0
saratripodi2,1.0,1.0,1.0,1.0,1.0,0
prato_mauro,,1.0,1.0,1.0,1.0,0
Josjosmar59,1.0,1.0,1.0,1.0,1.0,0
GayArtists,,0.8259092881561844,0.8957108569565446,0.7956812402535444,1.0,10.215937987322782
MarcoBorelli3,,1.0,0.9815478411340606,-1.0,0.9446435234021817,97.23217617010908
NeriTorrigiani,,0.9467975139308463,0.8944054378675111,0.8,0.7896212857408408,0.518935712957963
syrke87,,1.0,1.0,1.0,1.0,0
SilviaMeleroAba,,1.0,1.0,1.0,1.0,0
BETIANA16,,1.0,1.0,1.0,1.0,0
robellarda,,1.0,1.0,1.0,1.0,0
sardo1951,,1.0,0.9996113731975748,1.0,0.998834119592724,0.05829402036380271
MaitriRodrigo,,1.0,1.0,1.0,1.0,0
DiRosadipietro,,0.8955729002895447,0.7114819730841977,0.7832196879478399,0.34330011867350363,21.995978463716813
Mauro_Colombo7,,0.9303819335263631,0.8076546487227985,1.0,0.5622000791156692,21.88999604421654
Nadia09020504,,1.0,1.0,1.0,1.0,0
AnnaMariaPes1,0.7925106840432519,0.9625660045418809,0.8737818751966151,1.0,1.0,0
ZiaGabriella1,,1.0,1.0,1.0,1.0,0
letydark855846,1.0,1.0,1.0,1.0,1.0,0
yolanda_glez,,1.0,1.0,1.0,1.0,0
Tatyana_Orozco,,1.0,1.0,1.0,1.0,0
danbertsamp,,1.0,0.9980911559794049,1.0,0.9942734679382147,0.2863266030892653
Paesedellanima,,0.9330068957476639,0.8377000978875825,1.0,0.6470865021674197,17.645674891629014
docfmarin,1.0,1.0,1.0,1.0,1.0,0
seminariotun,,1.0,1.0,1.0,1.0,0
Stegosauro,,1.0,1.0,-1.0,1.0,100.0
Lola83640467,,0.8259092881561844,0.8957108569565446,0.7956812402535444,1.0,10.215937987322782
Miti_Vigliero,,1.0,0.8954701518464258,1.0,0.6864104555392776,15.67947722303612
gelso02,,1.0,1.0,1.0,1.0,0
agruspar,1.0,1.0,1.0,1.0,1.0,0
MariajoDGuirao,,1.0,1.0,1.0,1.0,0
ScipioneRoma,,1.0,1.0,1.0,1.0,0
montenecu,1.0,1.0,1.0,1.0,1.0,0
MauriWLJ,,1.0,1.0,1.0,1.0,0
FilSava,,1.0,1.0,1.0,1.0,0
spina_barny,,1.0,0.9961823119588098,0.0,0.9885469358764294,49.42734679382147
angelinascanu,,1.0,0.9972018870222057,0.8,0.9916056610666171,9.580283053330852
excvlc,,1.0,1.0,1.0,1.0,0
pleyadian76,1.0,1.0,1.0,1.0,1.0,0
carmenderodri,,1.0,1.0,1.0,1.0,0
jeshitare,,1.0,1.0,1.0,1.0,0
Renato77370853,0.7764221520011908,0.9523415067285986,0.8644077362346834,0.8453359238998657,1.0,7.733203805006717
SPBioetica_UNAM,,1.0,1.0,1.0,1.0,0
RLP_LAZIO,,1.0,0.9947887947724806,1.0,0.9843663843174418,0.7816807841279083
Victoria_de_VOX,,1.0,1.0,1.0,1.0,0
almena,,1.0,1.0,1.0,1.0,0
FMinchiatti,,1.0,1.0,1.0,1.0,0
donmimi,,0.9264785265043369,0.8650464285498666,1.0,0.7421822326409259,12.890888367953707
episcopadocol,,1.0,1.0,1.0,1.0,0
FalcionelliFede,,1.0,1.0,1.0,1.0,0
ninuca153,,1.0,1.0,1.0,1.0,0
MerCarlos_,,1.0,1.0,1.0,1.0,0
LNDC_NAZIONALE,1.0,1.0,1.0,1.0,1.0,0
jjoaquinpr,,1.0,1.0,1.0,1.0,0
PortavozaraguaE,,1.0,1.0,1.0,1.0,0
lordibr,,1.0,1.0,1.0,1.0,0
taxistalobbysta,1.0,1.0,1.0,1.0,1.0,0
simonettatomass,,0.8755206486232859,0.8216373036751851,0.9591362480507089,0.7138706137789835,12.263281713586267
NeftaliEspinosa,,1.0,1.0,1.0,1.0,0
crisfo61,0.701896110928864,0.9297427111229482,0.7849251775401163,0.735051470411704,0.9573936362578285,11.117108292306222
roquerisima,,1.0,1.0,1.0,1.0,0
francang1950,,0.6677583964361917,0.6821889678041634,0.7362428004388039,0.7110501105401067,1.2596344949348581
Antonellina2017,1.0,1.0,1.0,1.0,1.0,0
josillodj,,1.0,1.0,1.0,1.0,0
fabpmcg,,1.0,1.0,1.0,1.0,0
Flaianoisalive,,0.9464724386987073,0.8341779916037333,0.5442624579844915,0.6095890974137852,3.2663319714646866
TommasoLidestri,,1.0,1.0,1.0,1.0,0
lageloni,1.0,1.0,1.0,1.0,1.0,0
morissese,,0.9678128683136531,0.9183234081393232,1.0,0.8193444877906635,9.032775610466825
Sarah_Bernini,,0.9251320090837617,0.7475637503932303,1.0,0.39242723301216753,30.378638349391622
MoebiusAgency,1.0,1.0,1.0,1.0,1.0,0
PauloNescio,,1.0,1.0,1.0,1.0,0
winniekruger,1.0,1.0,1.0,1.0,1.0,0
danieledvpd,1.0,0.9665034478787673,0.8836453848388582,0.7946572472841047,0.7791375322981987,0.7759857492952993
VICENTEMORRO,,1.0,1.0,1.0,1.0,0
JCLuis_anest,,1.0,1.0,1.0,1.0,0
Radio1Rai,,1.0,1.0,1.0,1.0,0
vittoriozincone,,0.8259092881561844,0.8957108569565446,0.7956812402535444,1.0,10.215937987322782
leti_palmisano,,1.0,1.0,1.0,1.0,0
boschi_vivi,,1.0,1.0,1.0,1.0,0
PiaLocatelli,1.0,1.0,1.0,1.0,1.0,0
Ereda_V,,0.9159013833788867,0.7552146078639309,1.0,0.43384105683401963,28.30794715829902
GITbassano,,1.0,1.0,1.0,1.0,0
